,state,year,spirits,unemp,income,emppop,beertax,baptist,mormon,drinkage,dry,youngdrivers,miles,breath,jail,service,fatal,nfatal,sfatal,fatal1517,nfatal1517,fatal1820,nfatal1820,fatal2124,nfatal2124,afatal,pop,pop1517,pop1820,pop2124,milestot,unempus,emppopus,gsp
1,al,1982,1.370000005,14.39999962,10544.15234,50.69203949,1.539379478,30.35569954,0.328289986,19,25.00629997,0.211572006,7233.887207,no,no,no,839,146,99,53,9,99,34,120,32,309.4379883,3942002.25,208999.5938,221553.4375,290000.0625,28516,9.699999809,57.79999924,-0.02212476
2,al,1983,1.360000014,13.69999981,10732.79785,52.14702988,1.788990736,30.33359909,0.343409985,19,22.99419975,0.210767999,7836.347656,no,no,no,930,154,98,71,8,108,26,124,35,341.8340149,3960008,202000.0781,219125.4688,290000.1563,31032,9.600000381,57.90000153,0.046558253
3,al,1984,1.320000052,11.10000038,11108.79102,54.16808701,1.714285612,30.31150055,0.359239995,19,24.04260063,0.211484,8262.990234,no,no,no,932,165,94,49,7,103,25,118,34,304.8720093,3988991.75,196999.9688,216724.0938,288000.1563,32961,7.5,59.50000381,0.062797837
4,al,1985,1.279999971,8.899999619,11332.62695,55.27113724,1.652542353,30.28949928,0.37579,19.67000008,23.63389969,0.211140007,8726.916992,no,no,no,882,146,98,66,9,100,23,114,45,276.7420044,4021007.75,194999.7344,214349.0313,284000.3125,35091,7.199999809,60.10000229,0.027489973
5,al,1986,1.230000019,9.800000191,11661.50684,56.51449585,1.609907031,30.26740074,0.393110007,21,23.4647007,0.213400006,8952.853516,no,no,no,1081,172,119,82,10,120,23,119,29,360.7160034,4049993.75,203999.8906,212000,263000.2813,36259,7,60.70000076,0.032142948
6,al,1987,1.179999948,7.800000191,11944,57.50988007,1.559999943,30.24530029,0.411229998,21,23.79240036,0.215526998,9166.301758,no,no,no,1110,181,114,94,11,127,31,138,30,368.42099,4082999,204999.8125,208998.4531,258999.7656,37426,6.199999809,61.5,0.048976373
7,al,1988,1.169999957,7.199999809,12368.62402,56.83452988,1.501443624,30.22330093,0.430180013,21,23.79240036,0.218327999,9674.323242,no,no,no,1023,139,89,66,8,105,24,123,25,298.321991,4101992.25,201000.125,193000.5156,262999.7813,39684,5.5,62.30000305,0.035391819
8,az,1982,1.970000029,9.899999619,12309.06934,56.89329529,0.214797139,3.958899975,4.919099808,19,0,0.209012002,6810.156738,no,yes,yes,724,131,76,40,7,81,16,96,36,173.6679993,2896996.5,140999.9844,156378.7031,217999.9844,19729,9.699999809,57.79999924,-0.0431819
9,az,1983,1.899999976,9.100000381,12693.80762,57.55363083,0.206422031,3.890100002,4.831069946,19,0,0.203854993,6587.494629,no,yes,yes,675,112,60,40,7,83,19,80,17,196.8899994,2977004.25,138999.8906,157521.4375,218999.8906,19611,9.600000381,57.90000153,0.076205537
10,az,1984,2.140000105,5,13265.93359,60.37902069,0.296703309,3.822599888,4.744609833,19,0,0.209126994,6709.970215,no,yes,yes,869,149,81,51,8,118,34,123,33,212.3609924,3071995.75,138000.0781,158672.5313,219999.9688,20613,7.5,59.50000381,0.106213972
11,az,1985,1.860000014,6.5,13726.69531,58.64853287,0.381355941,3.756200075,4.65970993,21,0,0.188428,6771.262695,no,yes,yes,893,150,75,48,11,100,26,121,30,225.8240051,3186998,140000.0625,159832.0313,220000,21580,7.199999809,60.10000229,0.078195602
12,az,1986,1.779999971,6.900000095,14107.32715,60.28018188,0.371517032,3.690999985,4.576320171,21,0,0.171538994,8129.007813,no,yes,yes,1007,173,85,72,19,104,30,130,25,242.8269958,3278998,148000.1406,161000,210999.9063,26655,7,60.70000076,0.067712516
13,az,1987,1.720000029,6.199999809,14241,60.21505737,0.360000014,3.626899958,4.494420052,21,0,0.168724,9370.654297,no,yes,yes,937,172,87,50,16,99,25,121,34,241.7799988,3385996.25,149000.2188,162000.2969,211999.9063,31729,6.199999809,61.5,0.064111322
14,az,1988,1.679999948,6.300000191,14408.08496,60.49766541,0.346487015,3.563999891,4.413990021,21,0,0.161005005,9815.720703,no,yes,yes,944,136,67,54,14,100,14,116,31,238.2339935,3488995,147999.9375,157000.6563,218000.0469,34247,5.5,62.30000305,0.026567843
15,ar,1982,1.190000057,9.800000191,10267.30273,54.47585678,0.650358021,22.96719933,0.328289986,21,36.71279907,0.204903007,7208.500488,no,no,no,550,102,64,36,5,62,24,61,18,271.4590149,2306998.5,121999.9922,121269.5,157000.0156,16630,9.699999809,57.79999924,-0.034733824
16,ar,1983,1.200000048,10.10000038,10433.48633,53.81479263,0.675458729,23.00090027,0.343409985,21,36.43009949,0.194169,7175.916992,no,no,no,557,88,47,35,2,65,19,73,22,247.8569946,2324999,118000.0703,120698.1016,159000.1719,16684,9.600000381,57.90000153,0.040144395
17,ar,1984,1.220000029,8.899999619,10916.4834,54.67127991,0.598901093,23.0345993,0.359239995,21,36.10400009,0.186379999,7084.819824,no,no,no,525,81,48,34,2,72,24,67,18,182.7070007,2346001.75,115000.0703,120129.3906,162000.0938,16621,7.5,59.50000381,0.083597317
18,ar,1985,1.120000005,8.699999809,11149.36426,54.97711945,0.57733053,23.06839943,0.37579,21,35.90499878,0.189291999,7253.917969,no,no,no,534,73,43,45,7,56,13,57,19,198.154007,2359001,113000.0234,119563.3672,161000.125,17112,7.199999809,60.10000229,0.004602179
19,ar,1986,0.920000017,8.699999809,11399.38086,55.56186295,0.562435508,23.10219955,0.393110007,21,39.56959915,0.161956996,7468.999023,no,no,no,603,108,67,48,7,66,22,78,22,237.5169983,2371000.5,115000.0781,119000,145000.0156,17709,7,60.70000076,0.029769236
20,ar,1987,1.00999999,8.100000381,11537,56.33089447,0.545000017,23.13610077,0.411229998,21,39.28789902,0.164131999,7665.830566,no,no,no,639,110,61,58,15,72,19,65,17,221.9049988,2387999.5,115999.9922,117000.875,142000.1406,18306,6.199999809,61.5,0.001930031
21,ar,1988,0.99000001,7.699999809,11760.34668,57.36695099,0.524542868,23.17000008,0.430180013,21,39.28789902,0.167540997,8024.625488,no,no,no,610,86,55,41,6,61,16,69,21,208.8500061,2395002.75,114000.0313,109999.1016,145999.9219,19219,5.5,62.30000305,0.033733506
22,ca,1982,2.210000038,9.899999619,15797.13574,59.51593018,0.10739857,1.723099947,1.678539991,21,0,0.190195993,6858.676758,no,no,no,4615,944,553,241,61,567,161,758,249,1379.130005,24785976,1157001.75,1321004.375,1892998.125,169999,9.699999809,57.79999924,-0.011686022
23,ca,1983,2.150000095,9.699999809,15970.18359,59.25233459,0.103211015,1.734699965,1.667919993,21,0,0.183568999,7216.291504,no,no,no,4573,856,487,232,39,513,141,702,206,1251.599976,25311062,1126000.5,1309863.125,1886001.75,182652,9.600000381,57.90000153,0.053036682
24,ca,1984,2.069999933,7.800000191,16590.10938,60.69825745,0.0989011,1.746399999,1.657359958,21,0,0.174131006,7619.175781,no,no,no,5020,957,559,267,68,593,177,770,215,1421.819946,25795048,1104999.875,1298815.875,1873999.125,196537,7.5,59.50000381,0.072460994
25,ca,1985,1.970000029,7.199999809,16985.16992,61.331707,0.095338985,1.758200049,1.646870017,21,0,0.167896003,7874.066895,no,no,no,4960,887,499,302,65,545,139,762,226,1243.920044,26365028,1106000.25,1287861.75,1854998.5,207600,7.199999809,60.10000229,0.048330504
26,ca,1986,1.850000024,6.699999809,17356.03711,62.00846863,0.092879258,1.770099998,1.636440039,21,0,0.164370999,8034.910156,no,no,no,5253,880,510,318,62,571,141,757,185,1309.910034,27001048,1172000.25,1277000,1766998.875,216951,7,60.70000076,0.04668143
27,ca,1987,1.779999971,5.800000191,17846,63.07429504,0.090000004,1.782099962,1.626080036,21,0,0.160681993,8180.633301,no,no,no,5504,944,531,302,50,601,137,717,199,1431.569946,27663018,1163001.25,1268012.75,1753999.75,226301,6.199999809,61.5,0.069736347
28,ca,1988,1.720000029,5.300000191,18049.08594,63.78365707,0.086621754,1.794100046,1.615779996,21,0,0.148683995,8531.990234,no,NA,NA,5390,936,541,246,48,583,144,702,197,1246.709961,28314028,1126998,1227988.875,1770000.75,241575.0156,5.5,62.30000305,0.04902038
29,co,1982,2.25,7.699999809,15082.33887,64.96673584,0.214797139,2.299999952,1.823009968,21,0.113150999,0.229148,7742.841797,no,no,yes,668,140,96,27,5,91,36,100,35,219.75,3071998.75,143000.1406,169956.8438,246000.0469,23786,9.699999809,57.79999924,0.012043049
30,co,1983,2.150000095,6.599999905,15131.88086,67.30021667,0.206422031,2.299999952,1.834619999,21,0.090821996,0.207657993,7656.062988,yes,no,yes,646,146,92,44,12,68,20,98,30,217.3500061,3149007.5,139999.875,167671.9688,243000.1094,24109,9.600000381,57.90000153,0.029179398
31,co,1984,2.150000095,5.599999905,15486.81348,68.66242218,0.197802201,2.299999952,1.846310019,21,0.075861998,0.192155004,7707.852539,yes,no,yes,608,104,73,53,14,71,14,101,28,202.9400024,3189993.5,137000.1094,165417.8125,239000.0781,24588,7.5,59.50000381,0.055347241
32,co,1985,2.049999952,5.900000095,15569.91504,67.85414886,0.190677971,2.299999952,1.858080029,21,0.074899003,0.192028001,8092.209473,yes,no,yes,579,96,63,35,7,58,16,100,28,186.7299957,3231008.75,137000.2344,163193.9531,232999.7656,26146,7.199999809,60.10000229,0.024307648
33,co,1986,1.809999943,7.400000095,15616.09863,64.98344421,0.185758516,2.299999952,1.869910002,21,0.074097,0.192100003,8131.374512,yes,no,yes,603,116,75,50,9,76,18,101,37,175.3699951,3265991.5,147000.0156,161000,220999.7969,26557,7,60.70000076,0.016526096
34,co,1987,1.779999971,7.699999809,15605,64.21829987,0.180000007,2.299999952,1.881829977,21,0.05807,0.192999005,8182.027832,yes,no,yes,591,90,64,42,7,54,16,59,16,140.2599945,3296004.5,143999.8281,156999.5625,216000.1094,26968,6.199999809,61.5,-0.023582309
35,co,1988,1.74000001,6.400000095,15845.04297,65.30445099,0.173243508,2.299999952,1.893820047,21,0.05807,0.180260003,8380.768555,yes,no,yes,497,93,66,33,6,44,16,69,23,132.9499969,3301009.75,136000.0313,149001.0156,208999.7188,27664.99805,5.5,62.30000305,0.008626046
36,ct,1982,2.420000076,6.900000095,17255.36914,61.72941971,0.224343672,0.100000001,0.233309999,18.5,0.227054998,0.192840993,6440.053711,no,no,no,515,158,90,39,8,86,35,96,42,195.1100006,3126992.5,169999.8281,162300.1406,216000.2031,20138,9.699999809,57.79999924,-0.002988006
37,ct,1983,2.460000038,6,17744.26563,62.29440689,0.23356308,0.100000001,0.251980007,19.25,0.082803003,0.189349994,6570.042969,no,no,no,438,118,85,29,11,61,28,87,31,171.2200012,3140010,164000.25,160443.4844,215999.875,20630,9.600000381,57.90000153,0.073626325
38,ct,1984,2.410000086,4.599999905,18760.43945,65.03468323,0.248010993,0.100000001,0.272159994,20,0.080633998,0.181857005,6680.192871,no,no,no,469,126,85,32,6,65,25,81,30,171.6999969,3154998.75,158999.8906,158608.0781,216000,21076,7.5,59.50000381,0.077820003
39,ct,1985,2.410000086,4.900000095,19312.5,65.91092682,0.239078403,0.100000001,0.293949991,20.32999992,0.080150999,0.178947002,6979.214844,no,yes,yes,448,103,71,35,1,53,15,64,24,150.75,3173996,155000.3125,156793.6563,216000.2188,22152,7.199999809,60.10000229,0.050584491
40,ct,1986,2.309999943,3.799999952,20152.73438,67.24276733,0.232910231,0.100000001,0.317479998,21,0.079861999,0.171669006,7661.744629,no,yes,yes,450,114,63,37,11,56,14,63,26,145.75,3193006.5,152000.0313,155000,2.00E+05,24464,7,60.70000076,0.063690655
41,ct,1987,2.25,3.299999952,21192,67.63767242,0.225690007,0.100000001,0.342900008,21,0.080972001,0.166008994,8338.53418,no,yes,yes,449,102,61,31,3,42,11,69,30,165.5099945,3210996,145999.8438,150000,194000.0625,26775,6.199999809,61.5,0.07573688
42,ct,1988,2.150000095,3,22193.45508,67.06396484,0.217218488,0.100000001,0.370350003,21,0.080972001,0.157067999,8061.235352,no,yes,yes,484,93,62,40,7,57,17,76,32,135.4199982,3233003.25,135999.8281,143000.5,201999.7969,26062,5.5,62.30000305,0.051211424
43,de,1982,2.589999914,8.5,14263.72363,60.3104248,0.173031017,0.699999988,0.200000003,20,0,0.205542997,7651.653809,yes,no,no,122,34,23,5,2,24,9,23,14,45.65000153,600001,31000.0625,36772.89844,47999.96484,4591,9.699999809,57.79999924,0.007968531
44,de,1983,2.630000114,8.100000381,14500,59.86841965,0.166284397,0.699999988,0.200000003,20,0,0.199483007,8062.699707,yes,no,no,110,26,14,8,2,9,3,18,7,33,606000.5,29999.96289,36059.16406,48000,4886,9.600000381,57.90000153,0.056711283
45,de,1984,2.569999933,6.199999809,14925.27441,62.41901016,0.15934065,0.699999988,0.200000003,21,0,0.193182006,8368.0625,yes,no,no,130,28,16,8,0,15,3,17,8,28.68000031,614001.125,29000.00781,35359.27734,47000.01563,5138,7.5,59.50000381,0.052361224
46,de,1985,2.549999952,5.300000191,15408.89844,63.55932236,0.153601691,0.699999988,0.200000003,21,0,0.183341995,8625.424805,yes,no,no,104,21,12,7,2,10,2,21,3,38.88000107,621998.375,27999.99805,34672.97656,46999.94922,5365,7.199999809,60.10000229,0.037800748
47,de,1986,2.420000076,4.300000191,15822.49707,64.58332825,0.149638802,0.699999988,0.200000003,21,0,0.177616999,9045.817383,yes,no,no,136,33,20,10,5,18,6,22,8,45.54999924,632999.75,28999.96484,34000,41000.02734,5726,7,60.70000076,0.039940491
48,de,1987,2.369999886,3.200000048,16407,65.5102005,0.144999996,0.699999988,0.200000003,21,0,0.169046998,9450.307617,yes,no,no,146,27,16,9,3,9,1,24,10,41.84000015,644000.1875,28999.98438,33999.47266,40999.99219,6086,6.199999809,61.5,0.061463118
49,de,1988,2.319999933,3.200000048,16998.07422,67.59999847,0.139557257,0.699999988,0.200000003,21,0,0.158750996,9703.020508,yes,no,no,160,32,18,9,1,19,2,20,7,42.84000015,660000.6875,27999.96289,30000.15625,45000.04297,6404,5.5,62.30000305,0.071447544
50,fl,1982,2.50999999,8.199999809,13502.38672,53.4878006,1.073985696,9.152600288,0.400000006,19,0,0.181475997,7587.129883,yes,no,yes,2653,587,282,148,35,259,86,350,123,810.7600098,10478007,476999.2813,492108.4063,687999.9375,79498,9.699999809,57.79999924,0.005385397
51,fl,1983,2.460000038,8.600000381,13924.31152,53.72707748,1.170412779,8.936699867,0.400000006,19,0,0.177945003,7604.254395,yes,no,yes,2686,562,291,132,30,274,92,317,110,963.9000244,10753980,467000.4063,497250.1563,701000.1875,81776,9.600000381,57.90000153,0.077084795
52,fl,1984,2.349999905,6.300000191,14307.69238,55.6210289,1.186813235,8.725999832,0.400000006,19,0,0.178719997,7735.304688,yes,no,yes,2814,566,311,150,29,270,88,344,129,744.3800049,11049985,459000.5625,502445.6563,713000.6875,85475,7.5,59.50000381,0.08084242
53,fl,1985,2.269999981,6,14760.59277,56.36853409,1.144067883,8.520199776,0.400000006,20,0,0.170072004,7747.311035,yes,no,yes,2832,490,254,146,24,239,79,341,101,690.2000122,11366008,456999.7813,507695.375,718999.75,88056,7.199999809,60.10000229,0.059289411
54,fl,1986,2.24000001,5.699999809,15102.16699,57.44054413,1.114551187,8.319299698,0.400000006,21,0,0.162554994,7768.755859,yes,no,yes,2830,530,296,173,39,263,92,347,94,806.8400269,11694022,474999.375,513000,670999.5,90848,7,60.70000076,0.053569589
55,fl,1987,2.170000076,5.300000191,15584,58.94334793,1.080000043,8.123100281,0.400000006,21,0,0.161257997,7788.330566,yes,no,yes,2839,493,262,166,32,227,75,326,94,778.9699707,12022987,483000.4063,512994.3438,670000.25,93639,6.199999809,61.5,0.062531143
56,fl,1988,2.079999924,5,15979.78809,59.7909317,1.039461017,7.931600094,0.400000006,21,0,0.157563001,8538.230469,yes,no,yes,3078,573,315,184,42,278,73,382,145,794.75,12334992,477000.2813,492000.5938,698999.9375,105319.0078,5.5,62.30000305,0.050752144
57,ga,1982,1.940000057,7.800000191,11774.46289,60.07344055,2.720763683,24.65609932,0.42640999,19,0.498939991,0.210263997,8623.444336,no,no,no,1229,225,132,90,16,131,41,161,59,443.230011,5650990.5,303999.625,323855.625,420999.7813,48731.00391,9.699999809,57.79999924,0.006098161
58,ga,1983,1.99000001,7.5,12237.38574,59.85541916,2.61467886,24.38850021,0.440259993,19,0.499909997,0.206981003,8518.589844,no,no,no,1296,217,134,97,19,141,45,160,41,389.5,5732991,297000.3125,324141.3438,427000.3125,48837,9.600000381,57.90000153,0.079037391
59,ga,1984,1.970000029,6,12957.14258,61.21197891,2.505494356,24.12389946,0.454560012,19,0.450190008,0.205331996,8641.914063,no,no,no,1410,252,146,124,31,167,47,168,48,436.75,5841993,293000.125,324427.3125,432999.75,50486,7.5,59.50000381,0.102004938
60,ga,1985,1.929999948,6.5,13364.40723,61.65137863,2.415254116,23.8621006,0.469319999,19.25,0.433169991,0.194928005,8988.107422,no,no,no,1361,198,124,95,16,151,37,163,38,400.1300049,5976008,294000.2188,324713.5313,439000.4688,53713,7.199999809,60.10000229,0.052405592
61,ga,1986,1.769999981,5.900000095,13891.64063,63.30336761,2.352941036,23.60320091,0.484569997,20.25,0.424589992,0.188868999,9344.767578,no,no,no,1530,263,165,119,22,153,41,183,49,463.1300049,6099991.5,310999.7188,325000,411999.7813,57003.00391,7,60.70000076,0.065295093
62,ga,1987,1.75,5.5,14306,63.32088852,2.279999971,23.3470993,0.50029999,21,0.207279995,0.184329003,9690.28125,no,no,no,1599,264,164,113,13,134,29,190,49,470.4299927,6222007.5,315000.125,324000.1875,411000.0938,60293.00391,6.199999809,61.5,0.06480597
63,ga,1988,1.720000029,5.800000191,14687.19922,64.0638504,2.194417715,23.09379959,0.516560018,21,0.207279995,0.174882993,9817.395508,no,no,no,1653,272,171,125,15,171,49,170,49,484.8800049,6342008,312000.0313,307001.8125,425000,62262,5.5,62.30000305,0.044321559
64,id,1982,1.389999986,9.800000191,11078.75879,58.8235321,0.402744651,1.023689985,25.15749931,19,0,0.233786002,8033.751953,no,no,no,256,47,24,29,4,38,10,32,13,76.79000092,977998.8125,47999.97266,52247.95703,69000.01563,7857,9.699999809,57.79999924,-0.05412031
65,id,1983,1.299999952,9.800000191,11346.33008,59.85507202,0.387041301,1.035740018,24.98789978,19,0,0.228551,8387.641602,no,no,no,263,44,31,15,4,38,12,36,6,88.27999878,988001.25,46999.99219,51676.66406,69000.01563,8287,9.600000381,57.90000153,0.045208
66,id,1984,1.279999971,7.199999809,11386.81348,61.3733902,0.370879114,1.047940016,24.81959915,19,0,0.218235999,7775.768066,no,no,no,242,34,22,24,2,26,8,33,7,79.66000366,999001,47000.02734,51111.61719,68000.01563,7768,7.5,59.50000381,0.03872868
67,id,1985,1.179999948,7.900000095,11459.74609,61.28571701,0.357521206,1.060279965,24.65229988,19,0,0.212605998,7671.631836,no,no,no,255,53,34,17,7,38,13,27,9,73.65000153,1005001.313,47000.01563,50552.75391,64999.94141,7710,7.199999809,60.10000229,0.021042932
68,id,1986,1.120000005,8.699999809,11541.7959,61.10325623,0.348297209,1.07277,24.48620033,19,0,0.207312003,7899.200684,no,no,no,258,48,35,33,5,31,10,32,9,84.01999664,1002000.125,49000.03125,50000,62999.94141,7915,7,60.70000076,-0.015105814
69,id,1987,1.059999943,8,11859,61.18143082,0.337500006,1.085399985,24.32119942,20.5,0,0.202262998,8135.268555,no,no,no,262,53,39,22,5,34,11,34,11,78.18000031,998000.25,48999.95703,48000.22656,61000.00391,8119,6.199999809,61.5,0.000564253
70,id,1988,1.070000052,5.800000191,12189.60547,62.90097809,0.324831575,1.098180056,24.15730095,21,0,0.189994007,8102.682129,no,no,no,257,36,25,22,4,30,6,30,6,72.80000305,1003001.188,48000.03516,46999.83984,56999.97656,8127,5.5,62.30000305,0.049587458
71,il,1982,2.039999962,11.30000019,14743.43652,58.07431793,0.188544154,2.346970081,0.2333,21,6.403550148,0.209362,5696.534668,no,no,no,1651,418,229,106,23,203,80,224,98,532.9899902,11478031,583000.5625,618339,839999,65385,9.699999809,57.79999924,-0.039935548
72,il,1983,1.960000038,11.39999962,14745.41309,57.74565887,0.181192666,2.370810032,0.252000004,21,6.396309853,0.205004007,5862.868164,no,no,no,1526,362,201,96,18,187,64,195,85,501.1000061,11490963,559998.625,605350.75,827000.0625,67370,9.600000381,57.90000153,0.010906678
73,il,1984,1.929999948,9.100000381,15390.11035,59.13628769,0.173626378,2.394900084,0.272199988,21,6.379099846,0.195511997,6067.52832,no,no,no,1547,343,206,99,27,179,62,231,72,462.2799988,11521990,541001.3125,592635.25,816000.625,69910,7.5,59.50000381,0.068904206
74,il,1985,1.860000014,9,15602.75391,59.70356369,0.167372882,2.419229984,0.293900013,21,6.371910095,0.192187995,6141.67627,no,no,no,1534,304,162,73,13,162,45,232,82,396.6900024,11534962,529999.4375,580186.875,796998.875,70844,7.199999809,60.10000229,0.01876254
75,il,1986,1.75,8.100000381,15988.64844,60.34324265,0.163054705,2.443809986,0.317499995,21,4.473209858,0.185556993,6345.777344,no,no,no,1596,354,207,108,20,178,64,238,98,475.6700134,11550988,541000.875,568000,741999.3125,73300,7,60.70000076,0.03088077
76,il,1987,1.679999948,7.400000095,16417,60.99988937,0.158000007,2.468630075,0.342900008,21,4.461229801,0.182501003,6540.846191,yes,no,no,1660,326,183,100,18,173,54,225,66,437.1099854,11581988,531999.8125,552998.3125,723000.75,75756,6.199999809,61.5,0.026368385
77,il,1988,1.629999995,6.800000191,16915.30273,61.59708405,0.1520693,2.493710041,0.370299995,21,4.461229801,0.170911998,6757.612793,yes,no,no,1837,364,228,110,23,210,68,225,63,506.8500061,11614013,508001,517994.125,730998.875,78483,5.5,62.30000305,0.045050338
78,in,1982,1.440000057,11.89999962,12282.81641,56.42292404,0.309132457,1.804430008,0.328299999,21,0,0.202989995,7149.91748,yes,no,no,961,235,131,65,21,127,45,141,53,348.8900146,5483000.5,284000.2813,310440.2813,412000.0313,39203,9.699999809,57.79999924,-0.064519919
79,in,1983,1.389999986,11.10000038,12364.67871,56.48422241,0.297079116,1.859019995,0.343400002,21,0,0.180197999,7277.506348,yes,no,no,1016,212,130,65,11,130,43,146,56,346.769989,5473990.5,271999.5313,303874.875,404999.7813,39837,9.600000381,57.90000153,0.015555702
80,in,1984,1.389999986,8.600000381,13008.79102,58.71964645,0.284673631,1.915269971,0.359200001,21,0,0.103285998,7478.887207,no,no,no,925,191,119,83,20,102,32,137,54,351.4500122,5491993.5,263999.9375,297448.2813,399000.4688,41074,7.5,59.50000381,0.077305168
81,in,1985,1.389999986,7.900000095,13161.0166,61.43695068,0.27442053,1.973209977,0.375800014,21,0,0.185119003,7416.25293,no,no,no,974,166,93,77,14,109,31,157,52,302.4500122,5499003.5,259999.8594,291157.625,388000.1875,40782,7.199999809,60.10000229,0.016891468
82,in,1986,1.279999971,6.699999809,13582.04297,62.45145798,0.267340541,2.032919884,0.393099993,21,0,0.120420001,7714.322266,no,no,no,1038,192,131,83,15,119,34,142,55,290.3099976,5503011,270000.375,285000,358000.0313,42452,7,60.70000076,0.030762155
83,in,1987,1.289999962,6.400000095,13937,61.92881393,0.259052992,2.094419956,0.411199987,21,0,0.097662002,7977.21582,no,no,no,1055,194,123,100,20,99,32,118,38,254.8600006,5531002.5,270000.2813,278998.9688,351000.3438,44122,6.199999809,61.5,0.040988639
84,in,1988,1.279999971,5.300000191,14363.81152,63.40649033,0.24932915,2.157789946,0.430200011,21,0,0.073137,9201.576172,no,no,no,1101,202,123,90,19,132,36,141,44,322.3999939,5556004.5,260999.6875,260001.1719,357999.75,51124,5.5,62.30000305,0.036438752
85,ia,1982,1.25,8.5,12968.97363,60.02779007,0.375894994,0.466610014,0.328299999,19,0,0.216398999,6653.263184,no,no,no,480,87,61,52,6,59,19,66,21,219.2799988,2906994.5,144000.0469,159388.625,215999.6875,19341,9.699999809,57.79999924,-0.08951243
86,ia,1983,1.230000019,8.100000381,12573.39453,60.44465256,0.361238539,0.503970027,0.343400002,19,0,0.204322994,6770.307617,yes,no,no,514,123,72,42,10,77,36,75,32,211.5599976,2904004,137999.9219,155393.7656,211999.75,19661,9.600000381,57.90000153,-0.051171359
87,ia,1984,1.159999967,7,13203.29688,60.74073792,0.346153855,0.544319987,0.359200001,19,0,0.193046004,7060.630371,yes,no,no,420,100,61,32,7,62,29,56,22,168.6900024,2902998.5,132999.7188,151499.0469,207000.3125,20497,7.5,59.50000381,0.067845032
88,ia,1985,1.100000024,8,13351.69531,60.49325562,0.333686441,0.587899983,0.375793993,19,0,0.184236005,7001.037598,yes,no,no,474,85,62,37,6,71,21,76,25,182.7510071,2884001,128999.8672,147701.9375,198000.2031,20191,7.199999809,60.10000229,-0.019883482
89,ia,1986,0.980000019,7,13812.17773,62.52336502,0.383126944,0.63499999,0.393110991,20,0,0.178267002,7192.990234,yes,no,no,441,93,62,49,5,65,25,51,13,146.9790039,2849997,132000.0469,144000,176999.75,20500,7,60.70000076,0.014371527
90,ia,1987,1.039999962,5.5,14284,64.03180695,0.42750001,0.685800016,0.411226988,21,0,0.172570005,7342.257324,yes,no,no,491,91,61,42,6,55,16,56,13,186.0899963,2834005.75,128000,138000.25,169999.875,20808,6.199999809,61.5,-0.012807499
91,ia,1988,0.959999979,4.5,14111.64551,66.68217468,0.484926879,0.740700006,0.430177003,21,0,0.156330004,7730.063477,yes,no,no,557,106,65,40,8,63,22,73,22,182.0509949,2834000,120000.1172,125999.9922,174000.0938,21907,5.5,62.30000305,0.024941431
92,ks,1982,1.289999962,6.300000191,14094.27246,62.73291779,0.484009564,3.19659996,0.426407009,21,0,0.213104993,7333.069336,no,yes,yes,498,88,55,30,7,56,18,77,24,288.3049927,2407995.75,111000.1172,134654.7344,185000.0938,17658,9.699999809,57.79999924,-0.015405606
93,ks,1983,1.230000019,6.099999905,13917.43164,62.44394684,0.465137631,3.246099949,0.440257013,21,0,0.204552993,7479.61084,no,yes,yes,411,76,45,30,3,59,28,64,16,185.4290009,2426998,105999.9453,131373.0156,182000.1875,18153,9.600000381,57.90000153,0.009482614
94,ks,1984,1.210000038,5.199999809,14308.79102,63.11977386,0.445714295,3.296299934,0.454557002,21,0,0.195034996,7670.887695,no,yes,yes,510,96,62,32,6,60,22,68,20,208.6690063,2440004.5,102000.1563,128171.2813,176999.9063,18717,7.5,59.50000381,0.054953858
95,ks,1985,1.220000029,5,14631.35547,65.55184174,0.429661036,3.347300053,0.469321012,21,0,0.190181002,7867.333496,no,yes,yes,486,89,47,29,3,61,20,67,27,231.75,2450004.25,100999.8984,125047.5781,168999.875,19275,7.199999809,60.10000229,0.010786045
96,ks,1986,1.139999986,5.400000095,14977.2959,64.40771484,0.418575853,3.399100065,0.48456499,21,0,0.183509007,8100.053223,yes,yes,yes,500,110,56,38,7,63,30,59,17,216.0140076,2458996.25,107000.0625,122000,156000.0469,19918,7,60.70000076,0.025077632
97,ks,1987,1.080000043,4.900000095,15152,65.77510834,0.405600011,3.451600075,0.500304997,21,0,0.179385006,8304.130859,yes,yes,yes,491,112,72,37,10,62,24,66,27,184.4309998,2475996.5,104999.9844,118000.8359,151999.8438,20560.99805,6.199999809,61.5,0.002857493
98,ks,1988,1.080000043,4.800000191,15167.46875,66.143013,0.390375376,3.505000114,0.516555011,21,0,0.170375004,8481.355469,yes,yes,yes,483,95,63,34,7,59,27,52,14,161.5350037,2495002.25,102000.1016,110000.7422,152000.125,21161.00195,5.5,62.30000305,0.020685548
99,ky,1982,1.429999948,10.60000038,11071.59863,55.83982468,0.215990454,24.04109955,0.300000012,21,39.45330048,0.195235997,6937.46582,no,no,no,822,159,100,67,14,113,37,119,33,279.1950073,3694000.25,193999.8906,208284.1875,276999.9063,25627,9.699999809,57.79999924,-0.027683862
100,ky,1983,1.379999995,11.69999981,10913.99121,55.22058487,0.207568794,23.91270065,0.300000012,21,39.24079895,0.202714995,7194.142578,no,no,no,778,148,95,73,14,92,35,101,33,262.6080017,3713993.75,187000.1563,205142.7969,276999.9688,26719,9.600000381,57.90000153,0.012802681
101,ky,1984,1.299999952,9.300000191,11441.75781,56.90223694,0.198901087,23.78499985,0.300000012,21,40.35409927,0.191641003,7513.703125,yes,no,no,754,126,80,55,10,87,21,107,25,236.6719971,3720003.25,181000.2344,202048.7656,273999.9688,27951,7.5,59.50000381,0.064612739
102,ky,1985,1.279999971,9.5,11405.7207,55.89949036,0.191737279,23.65789986,0.300000012,21,39.10359955,0.202641994,7654.335449,yes,no,no,712,117,69,61,16,84,18,92,30,203.75,3725993,176999.875,199001.4063,269000.3438,28520,7.199999809,60.10000229,-0.002490191
103,ky,1986,1.169999957,9.300000191,11602.68359,55.57971191,0.186790496,23.53149986,0.300000012,21,45.792099,0.179629996,7859.620605,yes,no,no,805,142,108,58,18,89,22,105,34,244.9060059,3726006.75,182999.9375,196000,246000.1563,29285,7,60.70000076,0.010347226
104,ky,1987,1.159999967,8.800000191,12008,55.38739014,0.180999994,23.40579987,0.300000012,21,45.77980042,0.173934996,8135.244141,yes,no,no,844,121,75,80,10,87,17,106,25,255.8509979,3726993.25,183000.1875,192002.1094,239999.8125,30320,6.199999809,61.5,0.04725308
105,ky,1988,1.159999967,7.900000095,12340.71191,56.57941818,0.174205959,23.28079987,0.300000012,21,45.77980042,0.166122004,8482.435547,yes,no,no,838,107,79,77,9,93,20,106,22,224.8500061,3726995.5,177000.1094,178000.6563,245000.0313,31614,5.5,62.30000305,0.032940015
106,la,1982,1.840000033,10.30000019,12213.60352,53.74718475,0.866348445,15.2656002,0.328285992,18,3.454299927,0.281495988,6137.798828,yes,yes,yes,1091,230,120,58,15,155,49,175,50,378.6090088,4383004.5,239999.6719,251680.2969,345000.25,26902,9.699999809,57.79999924,-0.042827763
107,la,1983,1.75999999,11.80000019,11994.26563,53.36705399,0.832568824,15.1498003,0.343414009,18,3.409100056,0.243498996,6208.741699,no,yes,yes,933,168,95,66,13,117,31,142,37,362.4700012,4440996.5,235000.0469,248966.6563,343000.125,27573,9.600000381,57.90000153,-0.061993785
108,la,1984,1.74000001,10,12017.58203,54.88225937,0.79780221,15.03479958,0.359239012,18,3.183099985,0.281625003,7080.938477,no,yes,yes,961,222,138,70,19,119,53,152,48,407.5270081,4460990.5,227000.0156,246282.2656,338000.0938,31588,7.5,59.50000381,0.024397099
109,la,1985,1.600000024,11.5,11972.45801,54.95467377,0.769067824,14.92070007,0.375793993,18,3.124300003,0.202868998,7445.878418,no,yes,yes,931,194,113,61,8,118,46,134,42,360.6489868,4481002.5,221000.0781,243626.8125,329999.6875,33365,7.199999809,60.10000229,-0.027661923
110,la,1986,1.450000048,13.10000038,11602.68359,53.71233368,0.749226034,14.80749989,0.393110991,18,3.080699921,0.196082994,7108.686035,no,yes,yes,932,181,91,57,12,108,32,141,34,351.9129944,4499003,221999.7969,241000,302999.6875,31982,7,60.70000076,-0.09048254
111,la,1987,1.399999976,12,11515,53.64404297,0.726000011,14.69509983,0.411226988,20.5,3.106899977,0.182696,6859.20752,no,yes,yes,827,174,103,58,11,82,24,127,40,303.5750122,4461011,214000.0313,230998.9219,290000,30599,6.199999809,61.5,-0.060958177
112,la,1988,1.389999986,10.89999962,11830.60645,53.84858322,0.698748827,14.58360004,0.430177003,21,3.106899977,0.170625001,7867.977051,no,yes,yes,925,208,131,57,12,108,39,110,34,313.572998,4407994.5,203999.8281,208998.5625,295000.2813,34682,5.5,62.30000305,0.021379333
113,me,1982,1.970000029,8.600000381,11442.7207,55.99051285,0.805489302,0.100000001,0.400000006,20,3.345099926,0.187582999,6733.285645,no,yes,no,166,30,24,11,2,26,6,19,4,75.23999786,1135998.125,60999.95313,62254.05859,80000,7649,9.699999809,57.79999924,0.005875522
114,me,1983,1.99000001,9,11795.87109,57.25995255,0.774082601,0.100000001,0.400000006,20,3.406100035,0.183961004,6920.51709,no,yes,no,224,44,31,22,4,30,9,43,11,91.59500122,1145001.125,59000.05469,61682.72656,81000.03125,7924,9.600000381,57.90000153,0.06236035
115,me,1984,1.970000029,6.099999905,12271.42871,59.76878357,0.741758227,0.100000001,0.400000006,20,3.571190119,0.179519996,8083.908203,no,yes,no,232,47,39,15,2,39,12,22,9,71.80000305,1156000.25,57999.92969,61116.63672,80999.97656,9345,7.5,59.50000381,0.05904521
116,me,1985,1.830000043,5.400000095,12609.11035,59.77143097,0.715042412,0.100000001,0.400000006,20.5,3.350519896,0.174748003,7969.934082,no,yes,no,206,39,28,18,4,31,4,22,8,58.59999847,1163999.625,55999.92578,60555.74219,80000,9277,7.199999809,60.10000229,0.03663063
117,me,1986,1.789999962,5.300000191,13292.05371,60.1359024,0.749807,0.100000001,0.400000006,21,3.32765007,0.169681996,8550.347656,no,yes,no,214,34,21,12,1,22,5,41,10,65.87999725,1171999.125,55999.92578,60000,74000.00781,10021,7,60.70000076,0.061839048
118,me,1987,1.779999971,4.400000095,13984,62.47216034,0.787500024,0.100000001,0.400000006,21,3.285589933,0.188786998,9069.936523,no,yes,no,232,36,26,12,2,34,9,26,11,59.93000031,1186998.375,55999.92578,59000.12109,72000.02344,10766,6.199999809,61.5,0.11284554
119,me,1988,1.779999971,3.799999952,14538.97949,62.91028214,0.757940352,0.100000001,0.400000006,21,3.285589933,0.179826006,9461.399414,no,yes,no,255,31,25,21,3,28,4,29,6,61.77000046,1205001.5,55000.02344,55999.99609,77000.07813,11401,5.5,62.30000305,0.070377089
120,md,1982,2.460000038,8.399999619,15198.09082,61.45026016,0.241050124,3.022690058,0.328285992,21,1.533679962,0.196279004,6768.09375,yes,no,no,640,182,101,43,10,90,45,92,37,175.6000061,4272990.5,236999.4844,234008.0625,310000.1875,28920,9.699999809,57.79999924,-0.006933488
121,md,1983,2.380000114,6.900000095,15644.49512,63.14654922,0.231651381,3.034090042,0.343414009,21,1.501049995,0.204689994,7118.825195,yes,no,no,656,167,93,47,11,69,32,102,36,177.3300018,4300990.5,229999.7969,231722.7969,312000.0625,30618,9.600000381,57.90000153,0.057963554
122,md,1984,2.319999933,5.400000095,16313.18652,64.5377121,0.221978024,3.045540094,0.359239012,21,1.133939981,0.212862998,7289.488281,yes,no,no,643,142,86,48,10,62,15,109,43,180.0700073,4349002,222999.625,229459.8438,314999.7813,31702,7.5,59.50000381,0.067113273
123,md,1985,2.25999999,4.599999905,16921.60938,64.55090332,0.213983059,3.057039976,0.375793993,21,1.122840047,0.215296999,7590.409668,yes,no,no,729,141,85,39,6,90,32,123,41,188.8399963,4391989.5,216999.4063,227218.9844,315999.5938,33337,7.199999809,60.10000229,0.055424232
124,md,1986,2.130000114,4.5,17475.74805,66.24410248,0.208462343,3.068579912,0.393110991,21,1.107380033,0.176036999,7826.70459,yes,no,no,784,174,106,56,13,75,27,132,55,197.0800018,4461009,210999.875,225000,293999.75,34915,7,60.70000076,0.055967975
125,md,1987,2.099999905,4.199999809,18167,66.69565582,0.202000007,3.080159903,0.411226988,21,1.091510057,0.170368001,8046.975098,yes,no,no,814,172,101,53,17,90,23,118,41,170.0099945,4534996,206999.7188,221997.4844,289000.3438,36493,6.199999809,61.5,0.071835242
126,md,1988,1.980000019,4.5,18755.5332,66.68564606,0.194417715,3.091779947,0.430177003,21,1.091510057,0.172347993,8112.945801,yes,no,no,782,150,92,50,7,80,25,100,31,158.0099945,4621995.5,197000.0781,214001.0156,309999.6563,37498,5.5,62.30000305,0.054407675
127,ma,1982,2.460000038,7.900000095,15215.99023,62.05266571,0.286396176,0,0.100000001,20,1.811139941,0.190606996,6380.050781,no,no,no,659,169,108,76,15,92,33,109,45,344.769989,5746976,289999.9688,332032.375,445999.3125,36666,9.699999809,57.79999924,-0.00173251
128,ma,1983,2.420000076,6.900000095,15801.60547,61.98569107,0.275229365,0,0.100000001,20,1.800209999,0.186082006,6510.739746,no,no,no,651,198,131,59,12,85,48,109,55,221.5200043,5766011.5,281999.8125,325323.6875,440999.1563,37541,9.600000381,57.90000153,0.067738175
129,ma,1984,2.460000038,4.800000191,16735.16406,64.33163452,0.263736248,0,0.100000001,20,2.242150068,0.179802001,6646.59082,no,no,no,666,181,130,58,13,101,43,119,48,210.5700073,5798010,273999.7813,318750.5625,435000.3438,38537,7.5,59.50000381,0.083912082
130,ma,1985,2.400000095,3.900000095,17271.18555,64.64490509,0.254237294,0,0.100000001,20.5,2.310319901,0.173664004,6818.296387,no,no,no,742,176,105,64,10,103,35,101,44,188.4299927,5821982,267000.4063,312310.2188,426000.375,39696,7.199999809,60.10000229,0.055113122
131,ma,1986,2.200000048,3.799999952,18145.51172,64.45320892,0.247678012,0,0.100000001,21,1.800070047,0.170999005,7027.964355,no,no,no,752,190,123,72,27,80,29,109,47,187.3000031,5833979.5,265000.125,306000,386000.5625,41001,7,60.70000076,0.060269162
132,ma,1987,2.25999999,3.200000048,19050,65.11881256,0.239999995,0,0.100000001,21,1.793609977,0.162926003,7225.436035,no,no,no,689,163,110,67,14,94,36,80,38,176.0399933,5855010,253999.5469,295997.75,373000.375,42305,6.199999809,61.5,0.074593067
133,ma,1988,2.150000095,3.299999952,20034.64844,66.17519379,0.230991334,0,0.100000001,21,1.793609977,0.155174002,7358.472656,no,no,no,725,165,106,48,9,92,37,86,34,204.2200012,5888994,236999.5938,273997.0938,398000.7188,43334,5.5,62.30000305,0.057707433
134,mi,1982,1.879999995,15.5,13247.0166,53.53864288,0.545653939,0.62480998,0.200000003,21,0,0.243818,6712.743164,yes,no,no,1392,392,225,89,24,178,84,169,81,496.1400146,9116988,493999.8438,517776.75,685000.875,61200,9.699999809,57.79999924,-0.080663174
135,mi,1983,1.870000005,14.19999981,13606.65137,54.74843979,0.524378419,0.637600005,0.200000003,21,0,0.237243995,6721.328125,yes,no,no,1314,345,200,110,17,163,75,179,78,492.7099915,9054014,473999,505932.3125,666999.5,60855,9.600000381,57.90000153,0.047230832
136,mi,1984,1.870000005,11.19999981,14317.58203,57.24455261,0.502481282,0.650640011,0.200000003,21,0,0.243742004,7007.070801,yes,no,no,1531,334,191,122,26,174,58,196,74,547.5300293,9057993,460000.6563,494358.8125,656001.0625,63470,7.5,59.50000381,0.071540773
137,mi,1985,1.840000033,9.899999619,14830.50879,57.69797134,0.484383464,0.66395998,0.200000003,21,0,0.219419003,7416.576172,yes,no,no,1545,302,165,106,19,168,53,179,64,423.7600098,9088021,455000.0625,483050.0625,642999.0625,67402,7.199999809,60.10000229,0.046639938
138,mi,1986,1.75,8.800000191,15278.6377,58.40746689,0.471886456,0.677550018,0.200000003,21,0,0.191911995,7829.523438,yes,no,no,1605,334,200,147,30,176,72,189,64,498.3099976,9138998,467999.3438,472000,613999.1875,71554,7,60.70000076,0.038738418
139,mi,1987,1.649999976,8.199999809,15418,59.94805527,0.457257986,0.691410005,0.200000003,21,0,0.186720997,8228.915039,yes,no,no,1597,333,177,138,17,169,47,180,61,487.3699951,9199998,461000.375,463001.0313,603000.9375,75706,6.199999809,61.5,0.01762701
140,mi,1988,1.620000005,7.599999905,15930.70215,60.24684143,0.440094322,0.705560029,0.200000003,21,0,0.175254002,8430.646484,yes,no,no,1704,359,200,115,17,176,62,192,75,551.1300049,9239979,439999.375,442000.0625,599000.4375,77899,5.5,62.30000305,0.032574914
141,mn,1982,2.130000114,7.800000191,13781.62305,65.08143616,0.346062034,0.100000001,0.200000003,19,0,0.199833006,7059.263672,yes,no,no,571,138,83,36,14,65,26,96,39,164.6000061,4133009,213000.0938,231810.0938,313000.2813,29176,9.699999809,57.79999924,-0.020770092
142,mn,1983,2.109999895,8.199999809,13840.59668,64.76499176,0.332568794,0.100000001,0.200000003,19,0,0.191820994,7494.074707,yes,no,no,555,124,75,40,13,76,27,82,32,178.5650024,4145008,203000.3438,226957.3125,309000.2188,31063,9.600000381,57.90000153,0.020334311
143,mn,1984,2.059999943,6.300000191,14734.06641,67.18196106,0.3186813,0.100000001,0.200000003,19,0,0.178974003,7644.966309,yes,no,no,582,108,61,48,10,93,27,75,21,208.1560059,4163000.75,195999.9688,222206.1094,303999.4375,31826,7.5,59.50000381,0.085408062
144,mn,1985,2.039999962,6,14983.05078,66.97629547,0.307203382,0.100000001,0.200000003,19,0,0.175171003,7795.873047,yes,no,no,608,128,81,45,9,74,29,74,29,160.4859924,4192987.75,192999.6875,217554.3594,293999.625,32688,7.199999809,60.10000229,0.020359876
145,mn,1986,1.779999971,5.300000191,15464.39648,66.76154327,0.299277604,0.100000001,0.200000003,19.67000008,0,0.164709002,8053.17627,yes,no,no,571,121,74,50,7,89,34,63,25,162.8049927,4212996,196000.0313,213000,267999.5625,33928,7,60.70000076,0.035006464
146,mn,1987,1.809999943,5.400000095,15910,66.88555145,0.316249996,0.100000001,0.200000003,21,0,0.153882995,8282.359375,yes,no,no,530,113,60,58,11,55,13,63,25,141.75,4246012.5,189000.1875,206000.2188,259000.25,35167,6.199999809,61.5,0.036332615
147,mn,1988,1.730000019,4,16048.12305,68.89848328,0.320981711,0.100000001,0.200000003,21,0,0.144433007,8462.254883,yes,no,no,612,112,65,44,15,81,27,79,28,158.0769958,4307008,180999.9531,192002.2656,269000.2813,36447,5.5,62.30000305,0.039181598
148,ms,1982,1.5,11,9553.699219,52.20507431,1.145942807,30.09000015,0.300000012,21,19.87529945,0.208188996,6679.400879,no,no,no,730,134,79,46,11,81,24,102,29,276,2566996.75,144000.2031,150960.0938,191999.9844,17146,9.699999809,57.79999924,-0.020420199
149,ms,1983,1.470000029,12.60000038,9513.761719,50.87622833,1.101261497,30.03510094,0.300000012,21,20.03100014,0.207435995,6891.988281,yes,no,no,715,116,71,50,11,76,14,95,22,125.0530014,2582999.25,139000.0938,149960.1719,193999.8906,17802,9.600000381,57.90000153,0.001388362
150,ms,1984,1.419999957,10.80000019,9792.307617,52.06521606,1.055274725,29.98040009,0.300000012,21,20,0.199328005,7098.540039,yes,no,no,679,102,65,40,6,82,27,76,14,434,2597999,135999.8281,148966.8906,194999.7969,18442,7.5,59.50000381,0.067245856
151,ms,1985,1.360000014,10.30000019,9797.669922,54.20911407,1.076631427,29.92569923,0.300000012,21,19.8852005,0.193235993,7321.09668,yes,no,no,662,102,68,37,6,72,17,101,20,379.894989,2612996.5,134000.1875,147980.1719,191999.875,19130,7.199999809,60.10000229,0.002429162
152,ms,1986,1.269999981,11.69999981,9996.904297,54.57463837,1.065387011,29.87120056,0.300000012,21,18.63999939,0.185524002,7489.32373,yes,no,no,771,132,79,55,6,85,25,91,24,464.9769897,2624002,140000.0469,147000,171999.9375,19652,7,60.70000076,0.006158277
153,ms,1987,1.230000019,10.19999981,10303,55.08790588,0.960300028,29.81669998,0.300000012,21,17.26479912,0.175625995,7684.952148,yes,no,no,756,119,78,48,9,85,20,95,21,464.3999939,2625000,138999.9063,143999.4531,167000.0781,20173,6.199999809,61.5,0.013172772
154,ms,1988,1.230000019,8.399999619,10698.74902,55.46129227,0.924254119,29.76239967,0.300000012,21,17.26479912,0.161036,8413.373047,yes,no,no,722,106,63,45,7,72,11,84,22,450,2619995.5,135000.125,130999.5938,173000.0469,22043,5.5,62.30000305,0.048469964
155,mo,1982,1.269999981,9.199999809,12968.97363,56.50999451,0.346612185,14.3842001,0.466610014,21,0,0.207460999,7082.758789,no,no,no,890,220,134,79,22,120,43,122,46,337.4580078,4942001,244999.9844,270439,356999.6875,35003,9.699999809,57.79999924,-0.020758947
156,mo,1983,1.269999981,9.899999619,13186.92676,56.70601273,0.333097488,14.47710037,0.503970027,21,0,0.201180995,7363.07373,no,no,no,911,227,130,64,17,102,44,112,47,351.8500061,4963009,235000.375,265442.4688,354999.9375,36543,9.600000381,57.90000153,0.04598777
157,mo,1984,1.269999981,7.199999809,13727.47266,58.59957504,0.319187909,14.57069969,0.544319987,21,0,0.187239006,7705.445801,no,no,no,967,203,106,65,15,131,47,138,48,337.4349976,5001008.5,226999.6875,260538.2656,352000.4063,38535,7.5,59.50000381,0.071163028
158,mo,1985,1.350000024,6.400000095,14033.89844,61.06405258,0.307691753,14.66489983,0.587890029,21,0,0.184187993,7811.482422,no,no,no,931,200,126,69,12,105,34,130,45,287.8909912,5029007,223999.7969,255724.6719,343999.9688,39284,7.199999809,60.10000229,0.025153233
159,mo,1986,1.370000005,6.099999905,14368.4209,62.45421219,0.299753368,14.75969982,0.634959996,21,0,0.177047998,8161.916992,no,no,no,1129,237,138,97,24,138,57,153,52,351.6539917,5064006.5,232000.25,251000,311000.25,41332,7,60.70000076,0.027251193
160,mo,1987,1.399999976,6.300000191,14648,62.73596954,0.290461004,14.85509968,0.685800016,21,0,0.163764,8500.705078,no,no,no,1044,209,126,94,16,98,23,125,38,324.7080078,5102988.5,231000.2344,245000,304000.1563,43379,6.199999809,61.5,0.034354776
161,mo,1988,1.320000052,5.699999809,14871.99219,62.76623154,0.279558241,14.95110035,0.740700006,21,0,0.151574001,8864.046875,no,no,no,1103,237,147,70,15,129,37,150,61,350.8670044,5140992.5,223000.25,225998.6094,313000.1563,45570,5.5,62.30000305,0.024679538
162,mt,1982,1.919999957,8.600000381,12033.41309,61.22449112,0.346447468,1.180699944,3.299999952,19,0,0.221544996,8284.473633,no,yes,no,254,50,32,26,8,38,12,51,9,95.54399872,804999.8125,41000.02344,42323.12109,58000.02344,6668.999512,9.699999809,57.79999924,-0.043173052
163,mt,1983,1.860000014,8.800000191,11954.12891,60.40268707,0.332939208,1.223199964,3.299999952,19,0,0.225486994,8800.240234,no,yes,no,286,77,54,15,6,31,11,49,12,112.6409988,816000.4375,40000,41466.69531,57999.96875,7181,9.600000381,57.90000153,-0.006337285
164,mt,1984,1.75,7.400000095,11906.59375,62.22961426,0.319036245,1.267199993,3.299999952,19,0,0.223628998,8974.486328,no,yes,no,238,44,24,20,2,41,12,24,6,91.90299988,822999.75,37999.98438,40627.59766,56999.94922,7386,7.5,59.50000381,-0.012710436
165,mt,1985,1.669999957,7.699999809,11669.49121,62.02321625,0.319078386,1.312899947,3.299999952,19,0,0.208701,9167.078125,no,yes,no,223,56,32,15,7,20,12,27,10,94.60299683,825999.3125,37000.03516,39805.48438,55999.98438,7572,7.199999809,60.10000229,-0.051061194
166,mt,1986,1.539999962,8.100000381,12076.36719,62.33333206,0.322081536,1.360200047,3.299999952,19,0,0.187298998,9575.28125,no,yes,no,222,30,17,16,2,30,9,24,2,69.93599701,816999.5,37999.96484,39000,50000,7823,7,60.70000076,0.026526649
167,mt,1987,1.460000038,7.400000095,12291,62.54180527,0.323799998,1.409199953,3.299999952,20.32999992,0,0.175665006,9980.223633,no,yes,no,234,54,32,17,3,26,12,35,10,77.86499786,808999.9375,36000.01953,37000.14063,47999.97656,8074.000488,6.199999809,61.5,-0.062229767
168,mt,1988,1.440000057,6.800000191,12383.06055,62.9194603,0.322910488,1.459900022,3.299999952,21,0,0.162919998,10109.32715,no,yes,no,198,49,35,20,2,13,3,20,7,73.125,804999.1875,34999.97656,34000.26172,45999.96094,8138,5.5,62.30000305,-0.004257434
169,ne,1982,1.590000033,6.099999905,13192.12402,63.65979385,0.375894994,0.656599998,0.42640999,20,0.03774,0.220479995,7191.82666,yes,no,no,261,46,25,14,4,34,9,31,9,90.4489975,1589999.375,77000.07813,87722.625,119001.9141,11435,9.699999809,57.79999924,-0.039298266
170,ne,1983,1.50999999,5.699999809,12919.72461,63.59761429,0.361238539,0.686800003,0.440259993,20,0.037590001,0.212073997,7226.797852,yes,no,no,255,67,29,17,6,38,19,42,16,70.90399933,1596004.25,73999.91406,85724.75,117001.4219,11534,9.600000381,57.90000153,-0.024469884
171,ne,1984,1.450000048,4.400000095,13540.65918,64.5462265,0.346153855,0.718500018,0.454560012,20,0.037379999,0.192238003,26148.27148,yes,no,no,285,44,23,28,6,27,11,37,9,63.36000061,1605000.875,71000.03125,83772.375,114999.6953,41968,7.5,59.50000381,0.078349754
172,ne,1985,1.429999948,5.5,13735.16992,64.9616394,0.369438559,0.751600027,0.469319999,21,0.03692,0.194536999,7505.624512,yes,no,no,237,48,30,18,6,28,10,28,14,60.51499939,1605995.625,68999.88281,81864.46094,111000.9922,12054,7.199999809,60.10000229,0.018442394
173,ne,1986,1.289999962,5,13971.10449,65.47921753,0.464396268,0.786199987,0.484569997,21,0.037110001,0.188938007,7867.966309,yes,no,no,290,68,40,23,4,40,15,46,24,78.75,1597998.75,70999.92969,80000,100999.0078,12573,7,60.70000076,0.007713418
174,ne,1987,1.25999999,4.900000095,14300,65.31302643,0.466874987,0.82249999,0.50029999,21,0.0372,0.180938005,8212.685547,yes,no,no,297,54,36,35,2,35,12,37,16,67.89199829,1593997.5,70999.96094,76999.22656,97000.83594,13091,6.199999809,61.5,-0.027711665
175,ne,1988,1.24000001,3.599999905,14219.44141,66.358284,0.498075068,0.860400021,0.516560018,21,0.0372,0.162371993,8368.896484,yes,no,no,261,55,35,22,4,33,11,23,10,90.51399994,1602003.375,68999.91406,70999.80469,99001.375,13407,5.5,62.30000305,0.031436056
176,nv,1982,4.900000095,10.10000038,14914.08105,65.95744324,0.161097854,2.022900105,6.397019863,21,0,0.192366004,7304.108887,no,no,no,280,53,34,9,1,39,16,50,12,96.34200287,877998.9375,41999.94531,42000,64000,6413,9.699999809,57.79999924,-0.029706942
177,nv,1983,4.75,9.800000191,14863.53223,65.27571106,0.199971333,2.034499884,6.159440041,21,0,0.191312,7661.084961,yes,yes,yes,253,41,25,12,1,32,8,27,8,57.91899872,897000.875,40999.99219,42000,64000.75781,6872,9.600000381,57.90000153,0.037215538
178,nv,1984,4.650000095,7.800000191,15214.28613,66.76300812,0.222527474,2.046099901,5.930699825,21,0,0.192364007,7995.649414,yes,yes,yes,249,27,19,13,3,24,5,32,7,59.23099899,916998.6875,39000.03906,42000,64999.69922,7332,7.5,59.50000381,0.052199695
179,nv,1985,4.400000095,8,15564.61816,66.01941681,0.214512706,2.057800055,5.710440159,21,0,0.165754005,8083.321777,yes,yes,yes,259,44,24,11,3,20,8,38,8,67.32800293,936001.3125,39000.03906,42000,64999.48828,7566,7.199999809,60.10000229,0.056431044
180,nv,1986,4.119999886,6,15976.26465,67.84260559,0.208978325,2.069600105,5.498370171,21,0,0.160077006,8253.347656,yes,yes,yes,233,45,28,12,2,30,9,32,13,69.90799713,967001.5625,40999.99219,42000,61999.88281,7981,7,60.70000076,0.056190029
181,nv,1987,4.010000229,6.300000191,16412,68.23529816,0.202500001,2.081399918,5.294169903,21,0,0.155419007,8337.644531,yes,yes,yes,262,45,26,13,3,22,5,30,10,68.77100372,1006999.063,41999.97266,42999.82813,62000.12109,8396,6.199999809,61.5,0.071357094
182,nv,1988,3.890000105,5.199999809,16853.70508,69.25,0.194898948,2.093300104,5.097559929,21,0,0.136147007,8528.455078,yes,yes,yes,286,46,32,8,1,24,7,42,9,75.35099792,1054001,40999.98828,40999.71094,66000.375,8989,5.5,62.30000305,0.104920045
183,nh,1982,4.570000172,7.400000095,13834.12891,63.09859085,0.483293563,0.100000001,0.300000012,20,0.108329996,0.194977999,7353.357422,no,no,no,173,34,28,16,5,26,6,30,14,79.72499847,948002.3125,46999.9375,54426.32422,70999.19531,6971,9.699999809,57.79999924,0.0239287
184,nh,1983,4.599999905,5.400000095,14662.84375,65.60332489,0.56766057,0.100000001,0.300000012,20,0.104280002,0.190770999,7488.015625,yes,no,no,191,35,29,21,6,35,7,26,9,63.04899979,958999.0625,46999.94922,54569.18359,70999.45313,7181,9.600000381,57.90000153,0.087780289
185,nh,1984,4.579999924,4.300000191,15451.64844,67.61517334,0.741758227,0.100000001,0.300000012,20,0.172490001,0.182961002,7458.077148,yes,no,no,192,23,12,11,1,24,3,36,6,70.51899719,978000.0625,46000.08594,54712.41016,71000.3125,7294,7.5,59.50000381,0.082900003
186,nh,1985,4.360000134,3.900000095,16280.7207,68.29589844,0.715042412,0.100000001,0.300000012,20,0.160319999,0.177788004,7553.115723,yes,no,no,191,24,18,12,4,21,3,36,4,72.59999847,997998.75,45999.92188,54856.01953,71000.3125,7538,7.199999809,60.10000229,0.076900043
187,nh,1986,4.050000191,2.799999952,17132.0957,69.96148682,0.696594417,0.100000001,0.300000012,20.5,0.155790001,0.172650993,8133.394531,yes,no,no,172,27,18,16,3,26,9,17,3,48.03699875,1027000.5,48999.94141,55000,65998.91406,8353,7,60.70000076,0.087744385
188,nh,1987,3.900000095,2.5,17906,71.26865387,0.675000012,0.100000001,0.300000012,21,0.151370004,0.167907,8672.647461,yes,no,no,179,25,18,23,2,16,5,28,7,53.20000076,1057001.375,48999.97266,54999.83203,66000.38281,9167,6.199999809,61.5,0.142360851
189,nh,1988,3.789999962,2.400000095,18704.52344,70.83839417,0.64966315,0.100000001,0.300000012,21,0.151370004,0.156749994,8762.188477,yes,no,no,166,22,11,13,0,28,4,28,7,43.7159996,1085002.875,48000.05859,50999.96094,71999.78906,9507,5.5,62.30000305,0.049800348
190,nj,1982,2.24000001,9,16665.87109,57.8578949,0.08949881,0.100000001,0.100000001,19,2.81746006,0.175159007,6971.983398,no,no,no,1061,263,157,73,16,143,55,147,71,270.6749878,7430023.5,404999.7813,372372.8125,489005.6875,51802,9.699999809,57.79999924,0.009563359
191,nj,1983,2.24000001,7.800000191,17275.22852,58.57414627,0.086009175,0.100000001,0.100000001,21,2.799949884,0.168256,6992.091797,no,no,no,932,210,127,59,16,109,44,138,59,232,7468008.5,393000.5938,370515.75,492998,52217,9.600000381,57.90000153,0.065949649
192,nj,1984,2.180000067,6.199999809,18065.93359,61.51868057,0.082417585,0.100000001,0.100000001,21,2.784849882,0.160739005,6959.141113,no,no,no,922,152,88,64,12,98,26,121,33,211.628006,7517019.5,382000.625,368667.9688,5.00E+05,52312,7.5,59.50000381,0.066884726
193,nj,1985,2.150000095,5.699999809,18662.07617,61.697052,0.079449154,0.100000001,0.100000001,21,2.768280029,0.149364993,7023.037109,no,no,no,964,171,109,54,9,103,34,119,37,203.4629974,7561970.5,374000.0625,366829.4063,502003.7813,53108,7.199999809,60.10000229,0.040984001
194,nj,1986,2.059999943,5,19421.05273,62.40752792,0.077399381,0.100000001,0.100000001,21,2.819669962,0.142315,7224.901855,no,no,no,1039,182,107,76,9,95,28,128,39,205.0630035,7625017,361999.5625,364999.9688,466999.875,55090,7,60.70000076,0.059521995
195,nj,1987,2.00999999,4,20313,63.41219711,0.075000003,0.100000001,0.100000001,21,2.802400112,0.129431993,7438.867188,no,no,no,1023,171,117,65,14,98,22,123,32,204.2440033,7672001.5,350000.5313,354995.3125,454999.4375,57071,6.199999809,61.5,0.093902789
196,nj,1988,1.840000033,3.799999952,21168.43164,63.39522552,0.072184794,0.100000001,0.100000001,21,2.802400112,0.116540998,7598.87207,no,no,no,1051,200,135,67,11,112,29,137,55,206.9669952,7721014.5,330000.5,343000.6563,477002.9063,58671,5.5,62.30000305,0.063385107
197,nm,1982,1.580000043,9.199999809,11347.25488,55.88843155,0.241646782,9.812800407,2.222860098,21,1.192199945,0.208908007,8662.289063,no,no,no,577,117,60,37,11,66,20,91,19,163.9499969,1367998.75,76000.01563,77136.49219,101999.9844,11850.00098,9.699999809,57.79999924,-0.028186789
198,nm,1983,1.659999967,10.10000038,11288.99121,55.14112854,0.348337173,9.672300339,2.234380007,21,1.381299973,0.208832994,8329.537109,no,no,no,531,83,44,28,4,59,10,66,16,137.3099976,1401998.75,74000.07813,76850.78125,104000.0625,11678.00098,9.600000381,57.90000153,0.003580951
199,nm,1984,1.379999995,7.5,11539.56055,57.46785355,0.445054948,9.533800125,2.245959997,21,1.209300041,0.208642006,8718.083984,no,no,no,497,96,45,18,4,45,12,85,19,121.7399979,1426001.375,72000,76566.14063,104999.9766,12432,7.5,59.50000381,0.038668107
200,nm,1985,1.409999967,8.800000191,11861.22852,57.10116577,0.429025412,9.397299767,2.257600069,21,1.086899996,0.201912999,9151.045898,no,no,no,535,115,58,40,14,63,19,79,25,132.2899933,1449998.125,71000.03125,76282.54688,104000.0547,13268.99902,7.199999809,60.10000229,0.015956884
201,nm,1986,1.309999943,9.199999809,11825.59375,58.33333206,0.41795665,9.262700081,2.269299984,21,1.081799984,0.222498,9596.344727,no,no,no,499,88,48,32,10,59,17,69,23,123,1479000.625,72000.07031,76000,96000,14193,7,60.70000076,-0.037382346
202,nm,1987,1.24000001,8.899999619,11898,57.96831131,0.405000001,9.130000114,2.28105998,21,1.066699982,0.220807001,10077.34277,no,no,no,568,97,55,33,5,53,10,78,20,160.3500061,1499998.625,72000.05469,73999.60938,94000.02344,15116,6.199999809,61.5,-0.05415453
203,nm,1988,1.25,7.800000191,12019.24902,58.57933807,0.389797896,8.999300003,2.292880058,21,1.066699982,0.220724002,10141.35352,no,no,no,487,92,51,31,18,45,14,57,12,161.4700012,1506998,70000.02344,69999.6875,93999.99219,15282.99902,5.5,62.30000305,0.013597019
204,ny,1982,2.160000086,8.600000381,15158.71094,54.31520844,0.119331747,0.100000001,0.100000001,19,0.208399996,0.167704999,4576.345703,yes,no,no,2162,477,272,129,29,288,131,298,108,546.8599854,17586958,913002.875,922604.5625,1218998.375,80484,9.699999809,57.79999924,0.002074624
205,ny,1983,2.059999943,8.600000381,15573.39453,54.35151291,0.132855505,0.100000001,0.100000001,19,0.201000005,0.163121,4737.51123,yes,no,no,2077,436,260,121,23,269,96,248,87,495.6900024,17685024,885999.0625,910465.9375,1224999.875,83783,9.600000381,57.90000153,0.062783286
206,ny,1984,2.049999952,7.199999809,16335.16504,55.05172729,0.135999992,0.100000001,0.100000001,19,0.177399993,0.161691993,4917.594238,yes,no,no,2060,360,214,108,18,241,80,246,75,443.9100037,17746076,858000.875,898487,1224002.375,87268,7.5,59.50000381,0.056392707
207,ny,1985,1.940000057,6.5,16708.68555,56.7492485,0.131101698,0.100000001,0.100000001,19.15999985,0.183799997,0.155274004,5090.125488,yes,no,no,2006,376,211,126,29,202,75,263,91,424.4200134,17783058,838000,886665.75,1214001.125,90518,7.199999809,60.10000229,0.039264251
208,ny,1986,1.820000052,6.300000191,17326.10938,57.38864136,0.127719298,0.100000001,0.100000001,21,0.179800004,0.155270994,5296.994629,yes,no,no,2122,381,236,146,24,232,73,257,85,430.1799927,17794996,827997.625,875000,1108002.125,94260,7,60.70000076,0.051496558
209,ny,1987,1.779999971,4.900000095,18005,58.67354202,0.12376,0.100000001,0.100000001,21,0.179499999,0.151975006,5498.025879,yes,no,no,2333,397,236,157,34,235,61,304,97,479.8299866,17824944,796000.6875,848988.375,1074000,98002,6.199999809,61.5,0.028429827
210,ny,1988,1.710000038,4.199999809,18580.36523,59.1712532,0.119114533,0.100000001,0.100000001,21,0.179499999,0.148806006,5789.921875,yes,no,no,2255,391,235,126,17,227,82,281,95,418.5799866,17909050,748000.875,802999.8125,1138998.375,103692,5.5,62.30000305,0.049764454
211,nc,1982,1.639999986,9,11078.75879,60.30207443,1.431980968,22.37789917,0.42640999,21,27.62929916,0.210607007,7164.225586,yes,no,no,1303,243,161,99,19,169,52,175,51,683.8200073,6016002.5,3.00E+05,355732.2813,470999.8438,43100,9.699999809,57.79999924,-0.012952478
212,nc,1983,1.559999943,8.899999619,11455.27539,59.55456543,1.376146793,22.1697998,0.440259993,21,26.74609947,0.207259998,7411.23291,yes,no,no,1234,212,136,109,19,143,44,177,55,341.6199951,6076991.5,292999.7188,353018.3125,469999.6875,45038,9.600000381,57.90000153,0.079745099
213,nc,1984,1.529999971,6.699999809,12089.01074,61.85476685,1.318681359,21.96369934,0.454560012,21,26.11090088,0.199801996,7814.156738,yes,no,no,1450,227,137,96,11,150,34,213,68,373.1400146,6165988.5,288000.2813,350325.0625,466999.7813,48182,7.5,59.50000381,0.082591511
214,nc,1985,1.5,5.400000095,12353.81348,63.1748085,1.271186471,21.75939941,0.469319999,21,25.5795002,0.194195002,7981.279785,yes,no,no,1482,229,150,103,12,172,47,234,63,345.3299866,6255012,287999.9063,347652.3125,459999.6563,49923,7.199999809,60.10000229,0.030699912
215,nc,1986,1.450000048,5.300000191,12839.00977,63.58063889,1.238390088,21.5571003,0.484569997,21,26.0272007,0.189738005,8254.920898,yes,no,no,1647,251,171,117,20,174,44,228,66,409.6799927,6331011.5,308999.8125,345000,426999.8438,52262,7,60.70000076,0.04833914
216,nc,1987,1.399999976,4.5,13325,65.08531189,1.200000048,21.35659981,0.50029999,21,25.69440079,0.185424998,8513.946289,yes,no,no,1584,239,158,126,15,154,45,228,64,353.4400024,6413007,309000,341002.1875,420999.7813,54599.99609,6.199999809,61.5,0.077713855
217,nc,1988,1.340000033,3.599999905,13767.08398,65.60705566,1.154956698,21.15800095,0.516560018,21,25.69440079,0.175695002,8929.410156,yes,no,no,1573,206,141,102,14,161,36,186,43,373.8299866,6489006.5,3.00E+05,316997.7813,428000.4375,57943,5.5,62.30000305,0.041329272
218,nd,1982,2.119999886,5.900000095,12553.69922,62.00417328,0.429594278,0.560100019,0.182769999,21,0,0.228972003,7815.472656,yes,no,no,148,34,20,14,5,27,6,23,7,78.75,672000.3125,33000.03516,38843.15234,54999.97656,5252,9.699999809,57.79999924,-0.047459994
219,nd,1983,1.980000019,5.599999905,12389.9082,61.80698395,0.412844062,0.592800021,0.174720004,21,0,0.221058995,7875.195801,yes,no,no,116,30,23,11,1,9,4,24,9,72,680998.9375,30999.97461,37844.50781,54000.05078,5363,9.600000381,57.90000153,-0.066346899
220,nd,1984,1.850000024,5.099999905,12690.11035,63.39468384,0.395604402,0.627399981,0.167019993,21,0,0.209676996,7826.76123,yes,no,no,100,15,9,5,1,12,2,17,5,58,687001.9375,29999.93945,36871.53906,52999.95313,5377,7.5,59.50000381,0.035667695
221,nd,1985,1.850000024,5.900000095,12661.0166,64.47638702,0.381355941,0.664099991,0.159659997,21,0,0.201547995,7864.242188,yes,no,no,90,29,23,6,2,12,6,15,11,36.13999939,684999.25,28999.93555,35923.58594,49999.99609,5387,7.199999809,60.10000229,-0.04341986
222,nd,1986,1.590000033,6.300000191,12817.33789,64.27104187,0.371517032,0.702899992,0.152630001,21,0,0.194244996,8150.198242,yes,no,no,100,13,8,7,2,9,2,12,1,31.09000015,679001.875,30000.04297,35000,44999.94531,5534,7,60.70000076,-0.025073109
223,nd,1987,1.649999976,5.199999809,12971,65.0826416,0.360000014,0.743900001,0.145899996,21,0,0.185436994,8453.890625,yes,no,no,101,29,20,6,2,10,4,13,7,40.38000107,671998.3125,28999.93555,33000.03125,42999.94141,5681,6.199999809,61.5,-0.07975243
224,nd,1988,1.649999976,4.800000191,12351.2998,65.56016541,0.346487015,0.787400007,0.139479995,21,0,0.171434,8643.175781,yes,no,no,104,18,16,6,0,12,4,19,6,37.13000107,667000.1875,27999.96289,30000,41999.99609,5765,5.5,62.30000305,-0.051794123
225,oh,1982,1.269999981,12.5,13039.37988,55.61218262,0.429594278,1.508700013,0.200000003,21,11.60200024,0.225713998,6659.626953,no,no,no,1607,421,271,130,19,221,88,223,101,643.1300049,10774027,552000.5625,582422,783999.375,71751,9.699999809,57.79999924,-0.054407064
226,oh,1983,1.24000001,12.19999981,13236.23828,55.74505234,0.412844062,1.566200018,0.200000003,21,11.64089966,0.199800998,6818.203613,no,yes,no,1582,383,264,129,26,201,74,231,95,744.2800293,10738019,530000.5,568580.875,765998.9375,73214,9.600000381,57.90000153,0.021718489
227,oh,1984,1.159999967,9.399999619,13784.61523,57.32587051,0.395604402,1.625800014,0.200000003,21,9.31099987,0.194478005,6973.470703,no,yes,no,1646,408,258,131,23,217,88,226,91,877.4400024,10739989,514999.875,555068.6875,751000.1875,74895,7.5,59.50000381,0.064763106
228,oh,1985,1.179999948,8.899999619,13992.58496,57.96383667,0.381355941,1.68780005,0.200000003,21,9.307499886,0.180359006,7031.748535,no,yes,no,1646,357,222,113,18,207,75,218,85,897.9199829,10743985,506999.2813,541877.625,732000.5,75549,7.199999809,60.10000229,0.019325618
229,oh,1986,1.169999957,8.100000381,14279.66992,59.31868744,0.371517032,1.752099991,0.200000003,21,9.304100037,0.174851999,7196.973633,no,yes,no,1673,407,267,129,25,205,82,285,104,843.8400269,10747990,526000.3125,529000,691999.5,77353,7,60.70000076,0.023344584
230,oh,1987,1.139999986,7,14598,59.85544205,0.360000014,1.818799973,0.200000003,21,9.272999763,0.171217993,7340.248047,no,no,no,1772,383,249,155,18,204,85,229,76,684.6900024,10783968,517999.6563,518003.1563,677000.0625,79157,6.199999809,61.5,0.02558212
231,oh,1988,1.059999943,6,14952.83887,60.74073792,0.346487015,1.888100028,0.200000003,21,9.272999763,0.159994006,7553.217773,no,no,no,1763,379,230,130,16,215,61,204,91,567.8400269,10854976,498000.3125,494003.0313,670999.6875,81990,5.5,62.30000305,0.040401839
232,ok,1982,1.559999943,5.699999809,13552.50586,59.61701965,0.866348445,26.42230034,0.560109973,21,0,0.207454994,9288.460938,no,no,no,1054,234,119,72,15,130,42,164,52,321.1099854,3230998,154000.1563,170964.7656,241999.9844,30010.99805,9.699999809,57.79999924,0.013872582
233,ok,1983,1.460000038,9,12784.40332,58.44370651,0.832568824,26.4333992,0.592819989,21,0,0.202159002,8929.328125,no,no,no,848,152,90,43,11,88,26,103,23,236.3699951,3310999.5,151000.1094,169964.8438,245000.0938,29565,9.600000381,57.90000153,-0.060855288
234,ok,1984,1.409999967,7,12881.31836,59.63681412,0.947390079,26.44459915,0.627439976,21,0,0.197189003,9359.798828,no,no,no,797,150,83,47,15,79,21,89,24,217.6199951,3310007,145999.9219,168970.75,238999.9688,30981,7.5,59.50000381,0.008276074
235,ok,1985,1.289999962,7.099999905,12904.66113,60.39068604,0.961334765,26.45569992,0.664080024,21,0,0.187404007,9445.915039,no,no,no,744,124,77,47,8,82,24,84,27,204.1799927,3301003.5,143000.1406,167982.4844,230000.2344,31180.99805,7.199999809,60.10000229,-0.021290716
236,ok,1986,1.169999957,8.199999809,12656.34668,60.89293289,0.936532557,26.46689987,0.702859998,21,0,0.180598006,9496.078125,no,no,no,699,127,71,58,19,59,19,97,22,177.3500061,3305996.25,151999.9688,167000,210999.8438,31393.99805,7,60.70000076,-0.045497637
237,ok,1987,1.090000033,7.400000095,12607,60.30820465,0.907500029,26.47800064,0.743910015,21,0,0.171737999,9659.524414,no,no,no,597,97,59,40,15,55,18,65,19,147.8800049,3272003.75,149000.2031,160000,203000.0313,31606,6.199999809,61.5,-0.078522123
238,ok,1988,1.059999943,6.699999809,12822.90625,59.59765244,0.873436034,26.48920059,0.787349999,21,0,0.161579996,9990.114258,no,no,no,634,102,71,49,8,73,23,76,17,166.3399963,3242005,143999.9063,148000.9688,198000.2031,32388,5.5,62.30000305,0.013908002
239,or,1982,1.679999948,11.5,12626.49121,58.46230316,0.225190938,1.023699999,2.799999952,21,0.192900002,0.187434003,7262.638184,no,no,no,518,90,59,30,8,66,14,64,24,163.3800049,2669002.5,123000.2188,128896.9922,182999.8906,19384,9.699999809,57.79999924,-0.071293421
240,or,1983,1.639999986,10.80000019,12925.45898,59.56175232,0.216410562,1.035699964,2.799999952,21,0.193599999,0.177792996,7728.198242,no,no,no,550,92,55,33,8,64,11,79,21,165.0500031,2659999,118000.0078,126612.7422,178000.0938,20557,9.600000381,57.90000153,0.034377612
241,or,1984,1.580000043,9.399999619,13246.1543,59.76272964,0.207373634,1.047899961,2.799999952,21,0.192499995,0.174122006,7826.238281,no,yes,yes,572,78,61,47,8,62,10,83,16,153.7799988,2675998.25,116000.1172,124368.9609,174000.1875,20943,7.5,59.50000381,0.054163199
242,or,1985,1.5,8.800000191,13376.05957,59.29945755,0.199904665,1.060299993,2.799999952,21,0.200599998,0.165583998,7985.869141,no,yes,yes,559,74,50,39,10,53,11,79,17,150.3699951,2686996.25,115999.9609,122164.9531,168999.8594,21458,7.199999809,60.10000229,0.017302427
243,or,1986,1.429999948,8.5,13649.12305,60.55447388,0.194747165,1.07280004,2.799999952,21,0.203899994,0.165852994,8288.321289,no,yes,yes,619,69,40,48,4,60,11,69,15,176.4299927,2701994.75,121999.8828,119999.9922,165999.8594,22395,7,60.70000076,0.033169784
244,or,1987,1.399999976,6.199999809,14019,62.47600937,0.188710004,1.085399985,2.799999952,21,0.202299997,0.159337997,8565.328125,no,yes,yes,620,57,44,53,6,73,12,74,17,144.5399933,2724005.5,117999.875,118000.7813,162000.0469,23332,6.199999809,61.5,0.022640329
245,or,1988,1.379999995,5.800000191,14326.27539,63.25953674,0.181626573,1.098199964,2.799999952,21,0.202299997,0.151538998,9108.770508,no,yes,yes,677,95,57,57,10,83,17,68,17,153.8999939,2767003.5,112999.9453,117000.2813,158999.9844,25204,5.5,62.30000305,0.057864115
246,pa,1982,1.360000014,10.89999962,13651.55176,53.45505905,0.286396176,0.100000001,0.233309999,21,10.76309967,0.183375999,6003.268555,yes,no,no,1819,432,234,126,16,216,80,282,110,581.0900269,11879029,594999.1875,629687.375,846000.8125,71313,9.699999809,57.79999924,-0.035829071
247,pa,1983,1.320000052,11.80000019,13706.42188,52.90976334,0.275229365,0.100000001,0.251980007,21,10.70359993,0.176879004,6080.384277,yes,no,no,1721,397,237,109,14,211,68,253,102,533.4199829,11891025,576000.3125,617411.125,833001.375,72302,9.600000381,57.90000153,0.020704107
248,pa,1984,1.309999943,9.100000381,13987.91211,54.15986633,0.263736248,0.100000001,0.272159994,21,10.94180012,0.170682997,6250.283203,yes,no,no,1727,359,239,110,15,186,73,236,90,497.1300049,11886981,556998.6875,605374.3125,815999.125,74297,7.5,59.50000381,0.043332726
249,pa,1985,1.289999962,8,14356.99121,55.23685074,0.254237294,0.100000001,0.293949991,21,10.97270012,0.166262999,6363.63623,yes,no,no,1771,409,253,108,14,178,62,261,110,567.7600098,11852972,541000.875,593572.125,792999.6875,75428,7.199999809,60.10000229,0.020665718
250,pa,1986,1.269999981,6.800000191,14713.10645,56.80441284,0.247678012,0.100000001,0.317479998,21,10.77470016,0.161688,6476.124023,yes,no,no,1894,438,291,138,31,213,67,263,115,618.5200195,11893997,547999.625,582000,735000.25,77027,7,60.70000076,0.033719938
251,pa,1987,1.230000019,5.699999809,15200,57.35642242,0.239999995,0.100000001,0.342900008,21,10.80760002,0.156139001,6587.291992,yes,no,no,1987,442,242,111,18,202,74,265,113,647.8300171,11936013,535998.875,566000.75,715999.5,78626,6.199999809,61.5,0.048036527
252,pa,1988,1.139999986,5.099999905,15623.67676,58.54650879,0.230991334,0.100000001,0.370350003,21,10.80760002,0.149836004,6769.258301,yes,no,no,1931,405,252,110,13,215,67,245,93,574.0100098,12001019,511999.4063,530000.5,732999.625,81238,5.5,62.30000305,0.043361302
253,ri,1982,2.089999914,10.19999981,13326.96875,58.60655975,0.174224347,0.100000001,0.100000001,20,1.6954,0.196667001,6192.878418,yes,no,no,105,36,20,9,4,18,10,18,6,31.79999924,953999.0625,46000.04297,55891.45703,74000.07031,5908,9.699999809,57.79999924,-0.025726952
254,ri,1983,2.130000114,8.300000191,13759.17383,59.18367386,0.167431191,0.100000001,0.100000001,20,1.694599986,0.190400004,6290.824707,yes,no,no,100,26,22,6,0,12,3,16,7,27.53000069,955995.5,43999.88281,54892.10938,74000.07813,6014,9.600000381,57.90000153,0.045932196
255,ri,1984,2.059999943,5.300000191,14312.08789,62.53369522,0.160439551,0.100000001,0.100000001,20.5,1.470900059,0.181668997,5509.383301,yes,no,no,79,24,17,5,1,10,5,16,5,24.60000038,961995.125,43000.02734,53910.625,72000.07031,5300,7.5,59.50000381,0.074032083
256,ri,1985,2.069999933,4.900000095,14595.33887,63.63636398,0.154661015,0.100000001,0.100000001,21,1.67869997,0.177523002,6015.479004,yes,no,no,109,32,17,9,1,13,7,28,13,30.70000076,968002.6875,41999.94531,52946.69531,70000,5823,7.199999809,60.10000229,0.041573212
257,ri,1986,1.870000005,4,15109.3916,64.72148132,0.150670797,0.100000001,0.100000001,21,1.756000042,0.172160998,6064.592285,yes,no,no,124,25,17,7,1,17,3,14,4,47.13999939,975003.75,43999.97656,52000,63000.0625,5913,7,60.70000076,0.06100665
258,ri,1987,1.879999995,3.799999952,15633,65.48556519,0.145999998,0.100000001,0.100000001,21,1.744400024,0.167711005,6088.210938,yes,no,no,113,31,23,5,1,15,4,24,13,42.54999924,986003.9375,43000.02734,50999.9375,60999.94141,6003,6.199999809,61.5,0.053568423
259,ri,1988,1.929999948,3.099999905,16257.94043,66.27604675,0.140519723,0.100000001,0.100000001,21,1.744400024,0.158108994,5894.251465,yes,no,no,125,30,21,8,3,13,8,13,8,37.5,993001.375,40999.98828,45999.95313,65000,5853,5.5,62.30000305,0.041931815
260,sc,1982,1.879999995,10.80000019,10393.79492,57.82401657,2.062052488,25.13579941,0.400000006,21,0,0.211842999,7508.355469,no,no,no,730,140,95,62,15,77,23,101,28,219.6000061,3226006,172000.0625,195651.4063,259999.6875,24222,9.699999809,57.79999924,-0.023243269
261,sc,1983,1.929999948,10,10693.80762,56.51431274,1.981651425,24.85829926,0.400000006,21,0,0.208084002,7666.370117,no,yes,yes,844,175,100,58,12,88,26,131,42,277.1300049,3257995.5,165999.7969,194222.9844,258999.7656,24977,9.600000381,57.90000153,0.059818022
262,sc,1984,1.909999967,7.099999905,11160.43945,57.83942795,1.898901105,24.58390045,0.400000006,21,0,0.198570997,7865.243164,no,yes,yes,916,142,95,55,7,82,21,130,36,320.7000122,3301995.75,162000.0938,192805,261000.1563,25971,7.5,59.50000381,0.076770589
263,sc,1985,1.899999976,6.800000191,11369.70313,59.90935516,1.830508471,24.3125,0.400000006,21,0,0.193221003,7970.419434,no,yes,yes,951,175,102,56,7,111,35,144,37,400.0499878,3347000.75,160000,191397.375,254999.9531,26677,7.199999809,60.10000229,0.01880542
264,sc,1986,1.769999981,6.199999809,11674.92285,60.85539627,1.783281803,24.0442009,0.400000006,21,0,0.188850999,8414.967773,no,yes,yes,1059,192,119,67,13,95,24,153,49,485.3900146,3380999.25,168999.875,189999.9844,231999.9063,28451,7,60.70000076,0.041620128
265,sc,1987,1.690000057,5.599999905,12027,61.76352692,1.728000045,23.77879906,0.400000006,21,0,0.185350001,8824.517578,no,yes,yes,1086,197,124,73,11,131,40,141,46,377.769989,3425003,169999.9063,186999.9375,228999.8281,30224,6.199999809,61.5,0.07474573
266,sc,1988,1.700000048,4.5,12440.80859,62.61349869,1.663137674,23.5163002,0.400000006,21,0,0.169980004,9152.458984,no,yes,yes,1034,188,130,72,15,115,32,133,40,321.6000061,3469996.5,168000.1719,170999.9063,237000.1875,31759,5.5,62.30000305,0.054232448
267,sd,1982,1.830000043,5.5,11323.38867,62.72544861,0.718377113,0.656599998,0.380649,21,0,0.242798001,9165.685547,yes,no,no,148,30,27,7,3,15,1,27,10,54.34000015,694001.5625,35000,39847.15625,53000,6361,9.699999809,57.79999924,-0.034946721
268,sd,1983,1.789999962,5.400000095,11091.74316,62.69841003,0.690366983,0.686800003,0.371327013,21,0,0.229347005,9037.208008,yes,no,no,175,23,19,11,4,12,4,22,3,47,698999.0625,33000.03125,38848.44141,51999.99219,6317,9.600000381,57.90000153,-0.018384624
269,sd,1984,1.669999957,4.300000191,11661.53809,64.89151764,0.661538482,0.718500018,0.362233996,21,0,0.219713002,9079.438477,yes,no,no,143,25,18,12,3,17,5,24,8,50.63999939,704999.5625,32000,37874.76172,52000.05078,6401,7.5,59.50000381,0.080371842
270,sd,1985,1.75999999,5.099999905,11684.32227,64.42687225,0.637711883,0.751600027,0.353363007,21,0,0.209174007,8865.828125,yes,no,no,130,17,11,11,1,7,2,22,5,34.90000153,707999.3125,30999.97461,36925.48438,48999.95703,6277,7.199999809,60.10000229,-0.00674388
271,sd,1986,1.470000029,4.699999809,12175.43848,65.16634369,0.621259034,0.786199987,0.344709992,21,0,0.199288994,8817.817383,yes,no,no,134,23,17,6,2,14,6,20,6,36.09000015,707998.3125,32000,36000,43000.02734,6243,7,60.70000076,0.027117424
272,sd,1987,1.5,4.199999809,12545,66.01941681,0.609252989,0.82249999,0.336268008,21,0,0.193110004,8757.422852,yes,no,no,134,14,10,8,1,15,2,17,4,30.04000092,708998.5,30999.94141,35000.03516,41999.99219,6208.999512,6.199999809,61.5,-0.033471428
273,sd,1988,1.450000048,3.900000095,12276.22754,66.21621704,0.593364775,0.860400021,0.328033,21,0,0.179332003,9304.342773,yes,no,no,147,23,16,12,1,16,8,18,4,42.72999954,713000.375,30000,31999.99805,42999.96484,6634,5.5,62.30000305,-0.003475252
274,tn,1982,1.350000024,11.80000019,10988.06641,53.99885178,0.338094264,25.83650017,0.200000003,19,1.886399984,0.198827997,7458.300293,no,yes,no,1055,243,153,84,13,154,54,143,50,386.769989,4665004,234999.875,255683.0781,341999.7188,34793,9.699999809,57.79999924,-0.019098325
275,tn,1983,1.340000033,11.5,11183.48633,55.06419373,0.324911684,25.65670013,0.200000003,19,1.876700044,0.193915993,7733.209473,no,yes,no,1037,193,111,53,10,153,42,141,38,377.8900146,4688997.5,227000.1719,252969.4219,339999.9063,36261,9.600000381,57.90000153,0.041489325
276,tn,1984,1.350000024,8.600000381,11704.39551,57.31224823,0.311343938,25.47809982,0.200000003,19.67000008,1.861999989,0.183345005,7728.100098,no,yes,no,1095,213,128,65,10,151,51,165,42,388.7200012,4726000,220999.7188,250284.5469,338999.7813,36523,7.5,59.50000381,0.075437926
277,tn,1985,1.320000052,8,11919.49121,57.64738464,0.300130278,25.30069923,0.200000003,21,1.84800005,0.187638,7614.015625,no,yes,no,1101,183,114,65,8,117,23,177,58,324.3099976,4762007.5,219999.6719,247628.1719,335000.1563,36258,7.199999809,60.10000229,0.030371552
278,tn,1986,1.24000001,8,12371.5166,58.03252029,0.292386979,25.12459946,0.200000003,21,0,0.174572006,8165,no,yes,no,1230,233,148,90,10,158,51,175,57,395.6900024,4800000,233000.0469,244999.9844,307999.9063,39192,7,60.70000076,0.0429537
279,tn,1987,1.210000038,6.599999905,12876,59.23913193,0.28332299,24.9496994,0.200000003,21,0,0.168928996,8676.842773,no,yes,no,1248,225,135,97,20,150,45,152,46,376.3699951,4854992,233999.9531,241999.8906,304999.7813,42126.00391,6.199999809,61.5,0.078576535
280,tn,1988,1.179999948,5.800000191,13352.26172,59.20451355,0.27268815,24.77599907,0.200000003,21,0,0.168742001,9028.182617,no,yes,no,1266,230,145,79,16,173,46,156,48,398.480011,4895005,228000.1563,224999.9688,310999.8125,44193,5.5,62.30000305,0.039478224
281,tx,1982,1.559999943,6.900000095,13942.7207,62.65510941,0.433174223,18.20490074,0.525399983,19,11.31779957,0.208685994,8144.787598,no,no,no,4213,1049,603,237,72,526,196,632,228,2094.899902,15374004,767000.1875,842419.25,1186999.25,125218,9.699999809,57.79999924,-0.016066112
282,tx,1983,1.480000019,8,13692.66016,62.31614304,0.416284412,17.96229935,0.538600028,19,11.17860031,0.200634003,8338.572266,no,no,no,3823,915,507,207,51,471,176,592,208,1812.5,15816016,759000.8125,843562.0625,1196000.75,131883,9.600000381,57.90000153,-0.002560532
283,tx,1984,1.480000019,5.900000095,14039.56055,64.55586243,0.41884616,17.72290039,0.552100003,19,7.125299931,0.193534002,8564.128906,no,no,no,3912,886,530,227,39,455,167,600,224,1852.469971,16083013,748999.4375,844706.5,1188999.375,137737,7.5,59.50000381,0.049231891
284,tx,1985,1.370000005,7,14270.12695,63.91252136,0.461440682,17.48670006,0.565999985,19,7.000400066,0.184567004,8751.545898,no,no,no,3678,811,477,256,53,388,131,523,174,1471.02002,16370022,750999.625,845852.5,1175001,143263,7.199999809,60.10000229,0.025227012
285,tx,1986,1.210000038,8.899999619,13950.46484,62.00167465,0.449535608,17.25370026,0.580200016,19.67000008,6.866600037,0.175311998,8821.696289,no,no,no,3567,788,479,279,76,420,134,485,163,1267.300049,16688968,813999.625,847000.0625,1122999.75,147225,7,60.70000076,-0.038800102
286,tx,1987,1.129999995,8.399999619,13889,62.93584061,0.435600013,17.02370071,0.594799995,21,6.825699806,0.167623997,9005.047852,no,no,no,3261,688,402,231,43,385,121,437,136,1034.47998,16789028,814998.8125,829991.8125,1100999.75,151186,6.199999809,61.5,-0.033068828
287,tx,1988,1.090000033,7.300000191,14038.49902,64.1301651,0.419249296,16.79680061,0.609700024,21,6.825699806,0.155517995,9290.322266,no,no,no,3393,752,458,247,70,404,129,432,136,1145.630005,16840966,790000.5625,778000.375,1066000.75,156458,5.5,62.30000305,0.02367972
288,ut,1982,0.910000026,7.800000191,10788.7832,61.16027069,0.356840104,0.699999988,65.91649628,21,1.604599953,0.240700006,7012.183105,no,no,no,295,46,24,26,4,35,12,42,10,62.29999924,1558002.625,73000.07813,87822.10156,129000.1563,10925,9.699999809,57.79999924,-0.009477876
289,ut,1983,0.839999974,9.199999809,10779.81641,60.03823853,0.62925458,0.699999988,65.18699646,21,1.605000019,0.232819006,7035.09082,no,yes,yes,283,45,23,25,3,29,9,27,7,67.73999786,1595004.25,72000.04688,87107.91406,127000.2578,11221,9.600000381,57.90000153,0.040985845
290,ut,1984,0.860000014,6.5,11120.87891,62.66666794,0.877348363,0.699999988,64.46559906,21,1.848399997,0.218514994,7184.841797,no,yes,yes,315,51,28,22,4,38,5,34,8,78.05999756,1623000.25,71999.89844,86399.53125,125000,11661,7.5,59.50000381,0.074826777
291,ut,1985,0.889999986,5.900000095,11284.95801,64.62841034,0.845748901,0.699999988,63.75220108,21,1.854099989,0.214632004,7317.344238,no,yes,yes,303,36,22,20,1,25,6,43,6,63.31000137,1644995.75,72999.89063,85696.90625,122000.0078,12037,7.199999809,60.10000229,0.027527202
292,ut,1986,0.889999986,6,11339.52539,65.83100891,0.823928773,0.699999988,63.04669952,21,1.832900047,0.207449004,7426.683594,no,yes,yes,313,34,25,33,6,36,5,33,3,54.95999908,1663999.75,82000,85000,121000.125,12358,7,60.70000076,0.009347491
293,ut,1987,0.839999974,6.400000095,11389,65.2253952,0.798386991,0.699999988,62.34899902,21,1.190500021,0.194580004,7547.003418,no,yes,yes,296,48,29,31,6,35,15,32,9,56.79999924,1680004.5,83999.91406,83999.32813,119999.8516,12679,6.199999809,61.5,-0.006218043
294,ut,1988,0.819999993,4.900000095,11735.32227,65.81585693,0.76841867,0.699999988,61.6590004,21,1.190500021,0.183351994,7847.944824,no,yes,yes,297,29,21,29,3,23,7,31,4,71.5,1689996.625,84000.02344,83999.85156,111000.1172,13263,5.5,62.30000305,0.037437778
295,vt,1982,2.390000105,6.900000095,12064.43945,63.56589127,0.711515486,0.106700003,0.281399995,18,0.273299992,0.188731998,7678.837402,yes,no,no,107,18,10,6,0,27,8,14,6,27.76000023,520000.5938,26000.02539,32127.52539,42000.03906,3993,9.699999809,57.79999924,0.000128046
296,vt,1983,2.309999943,6.900000095,12186.92676,63.01020432,0.683772922,0.109999999,0.272599995,18,0.285699993,0.186243996,7906.683594,yes,no,no,94,19,11,8,2,19,2,21,9,34.09999847,524998.875,25000,31841.85547,41999.99609,4151,9.600000381,57.90000153,0.067078635
297,vt,1984,2.24000001,5.199999809,12680.21973,64.39393616,0.655219793,0.113300003,0.263999999,18,0.506600022,0.175201997,8307.53418,yes,no,no,114,18,16,10,4,23,6,15,3,31.80999947,530000.8125,25000,31558.72852,40999.96094,4403,7.5,59.50000381,0.060548261
298,vt,1985,2.130000114,4.800000191,13112.28809,65.92040253,0.631620765,0.116700001,0.255699992,18,0.3398,0.173699006,8762.605469,yes,no,no,115,23,15,8,1,14,4,16,8,36.34999847,535000.6875,24000.02344,31278.11523,40999.98828,4688,7.199999809,60.10000229,0.057508834
299,vt,1986,2.029999971,4.699999809,13740.96973,68.30467224,0.615325093,0.120099999,0.247600004,19.5,0.340299994,0.169052005,8990.769531,yes,no,no,109,19,14,7,0,14,0,19,11,33.41999817,540999.3125,27000.02734,31000,35000.01172,4864,7,60.70000076,0.062942803
300,vt,1987,1.929999948,3.599999905,14325,69.00726318,0.596249998,0.123599999,0.239899993,21,0.335900009,0.169162005,9195.244141,yes,no,no,119,14,11,10,1,18,2,22,6,38.95000076,548000.6875,26000.02539,29999.99805,35000.02344,5039,6.199999809,61.5,0.10476777
301,vt,1988,1.820000052,2.799999952,14727.62305,68.95734406,0.573869109,0.127299994,0.232299998,21,0.335900009,0.159199998,9969.486328,yes,no,no,129,27,12,12,3,19,7,15,7,39.04000092,556999.625,25000,28000.05859,37999.98438,5553,5.5,62.30000305,0.057771914
302,va,1982,1.700000048,7.699999809,13878.28125,60.84576797,0.758949876,12.70810032,0.525399983,21,0,0.208276004,7547.831055,yes,no,no,881,177,115,71,14,125,41,117,38,252.6999969,5488994,282000.0625,315716.3438,425999.8438,41430,9.699999809,57.79999924,0.006745947
303,va,1983,1.620000005,6.099999905,14299.31152,62.64086533,0.729357779,12.61320019,0.538600028,21,0,0.202383995,7609.125488,yes,no,no,901,179,116,51,11,137,49,124,34,268.2600098,5558983,274000.5625,313002.4688,427000.1875,42299,9.600000381,57.90000153,0.07204251
304,va,1984,1.580000043,5,14906.59375,64.89284515,0.698901057,12.51910019,0.552100003,21,0,0.197191,7900.443848,yes,no,no,1013,213,138,63,12,127,53,175,60,271.7600098,5636012.5,267000.0625,310311.9063,427999.5,44527,7.5,59.50000381,0.069230624
305,va,1985,1.519999981,5.599999905,15323.09277,64.02468109,0.673728764,12.42560005,0.565999985,21,0,0.184192002,8399.579102,yes,no,no,976,176,106,55,9,109,38,149,47,268.7600098,5706000.5,264000.4063,307644.5,425000.2813,47928.00391,7.199999809,60.10000229,0.049487982
306,va,1986,1.450000048,5,15915.37695,64.01488495,0.656346738,12.33290005,0.580200016,21,0,0.180501997,8866.416992,yes,no,no,1126,224,154,77,19,149,45,162,48,294.3099976,5795013,269000.3438,304999.9688,401000.0313,51381,7,60.70000076,0.063949741
307,va,1987,1.389999986,4.199999809,16486,65.30147552,0.635999978,12.2407999,0.594799995,21,0,0.175822005,9287.623047,yes,no,no,1021,165,114,65,9,124,37,144,43,261.1000061,5903986.5,266999.6563,303000.6875,399000.2813,54834,6.199999809,61.5,0.078092143
308,va,1988,1.330000043,3.900000095,17011.54883,66.50301361,0.612127006,12.14939976,0.609700024,21,0,0.163499996,9551.62793,yes,no,no,1071,191,128,76,12,118,29,160,55,253.2400055,6014995.5,257999.6719,293000.2813,416000.4063,57453,5.5,62.30000305,0.052056637
309,wa,1982,1.899999976,12.10000038,14342.48242,56.33312607,0.231758952,1.150159955,2.657210112,21,0,0.183850005,7306.682617,no,yes,no,748,172,112,43,6,107,28,100,42,271.006012,4278001.5,202000.2656,219551.9688,314001.3125,31258,9.699999809,57.79999924,-0.032820843
310,wa,1983,1.809999943,11.19999981,14534.40332,57.67179108,0.231558487,1.176100016,2.739480019,21,0,0.179464996,8395.816406,no,yes,no,698,140,105,53,5,92,27,97,31,236.5189972,4305001,194999.9063,217124,307995.1875,36143.99609,9.600000381,57.90000153,0.042570896
311,wa,1984,1.75,9.5,14758.24219,57.56354523,0.221889019,1.202610016,2.824310064,21,0,0.171880007,7874.928223,no,yes,no,746,158,109,45,9,87,22,123,40,229.4629974,4348992,192000,214722.875,300998.4375,34248,7.5,59.50000381,0.048305109
312,wa,1985,1.679999948,8.100000381,14909.95801,58.94446564,0.213897243,1.22973001,2.911750078,21,0,0.166529,7796.563965,no,yes,no,744,124,80,50,16,77,12,103,37,218.1820068,4408993.5,193999.9688,212348.3125,295002.125,34375,7.199999809,60.10000229,0.027091989
313,wa,1986,1.590000033,8.199999809,15375.64453,60.63702011,0.208378747,1.257459998,3.001909971,21,0,0.160414994,8166.68457,no,yes,no,703,148,93,73,13,83,29,91,33,222.2220001,4463010.5,202999.9531,210000,288999,36448,7,60.70000076,0.05466849
314,wa,1987,1.539999962,7.599999905,15630,61.40041351,0.201919004,1.285809994,3.094860077,21,0,0.155313998,8488.326172,no,yes,no,780,146,95,55,7,83,20,99,34,246.5910034,4537997,198999.9375,206998.0313,284998.7188,38520,6.199999809,61.5,0.016649855
315,wa,1988,1.49000001,6.199999809,15854.66797,62.49640656,0.194339752,1.314800024,3.190680027,21,0,0.144180998,8995.921875,no,yes,no,778,173,108,47,11,98,24,94,35,255.9380035,4647995,191999.7344,206999.9844,278997.9688,41813,5.5,62.30000305,0.037580576
316,wv,1982,1.049999952,13.89999962,10748.20996,45.52289963,0.476363957,1.54847002,0.380650014,18,0,0.201276004,5574.712891,yes,yes,no,450,89,56,35,8,58,21,76,23,144,1960997.875,97999.96094,100136.3047,138001.1563,10932,9.699999809,57.79999924,-0.028091863
317,wv,1983,0.930000007,18,10451.83496,42.99319839,0.457790136,1.573279977,0.371329993,18.5,0,0.195664003,5958.217285,yes,yes,no,425,93,61,23,4,56,21,58,18,153,1963003.25,96000.13281,98565.65625,134999.8906,11696,9.600000381,57.90000153,-0.027793277
318,wv,1984,0.850000024,15,10641.75781,44.41416931,0.438673615,1.598500013,0.362230003,19,0,0.192053005,6494.61084,yes,yes,no,438,91,66,30,9,55,15,62,26,131.404007,1951002.125,93999.98438,97019.64844,131999.1563,12671,7.5,59.50000381,0.014355991
319,wv,1985,0.810000002,13,10669.49121,45.38619232,0.422873914,1.624119997,0.353359997,19,0,0.179933995,6541.317871,yes,yes,no,420,67,45,29,3,47,13,56,14,140.1320038,1936001.25,92000.10938,95497.89063,127999.9922,12664,7.199999809,60.10000229,-0.00838431
320,wv,1986,0.810000002,11.80000019,10888.54492,44.98626328,0.41196388,1.650149941,0.344709992,19.67000008,0,0.173934996,6887.314941,yes,yes,no,440,86,56,43,6,53,17,57,15,145.848999,1917002.5,94999.91406,94000,122000.8125,13203,7,60.70000076,-0.002832158
321,wv,1987,0.790000021,10.80000019,10992,46.13793182,0.399192989,1.676599979,0.336270005,21,0,0.171170995,7244.076172,yes,yes,no,471,90,58,45,11,51,9,57,26,141.154007,1896998.25,92999.99219,91999.64063,119000.3984,13742,6.199999809,61.5,0.00635894
322,wv,1988,0.790000021,9.899999619,11294.51367,46.18055344,0.384208858,1.703469992,0.32802999,21,0,0.162937,7400.866211,yes,yes,no,460,83,51,46,11,52,16,55,15,141.4389954,1875996.625,90999.91406,87000.16406,115000.2109,13884,5.5,62.30000305,0.025346138
323,wi,1982,2.210000038,10.69999981,13213.60352,61.65158081,0.173031017,0.233309999,0.233309999,18,1.794309974,0.210804,6909.823242,yes,no,no,770,199,105,67,17,126,54,133,46,255.3919983,4745997,251000.25,269586.125,362003.25,32794,9.699999809,57.79999924,-0.028693022
324,wi,1983,2.170000076,10.39999962,13291.28418,61.35593033,0.166284397,0.251980007,0.251980007,18,1.999160051,0.205162004,7184.746094,yes,no,no,725,196,118,47,10,120,61,114,49,255.7769928,4747001.5,240000.4063,264019.5313,356997.4688,34106,9.600000381,57.90000153,0.016047966
325,wi,1984,2.130000114,7.300000191,13818.68164,62.27848053,0.15934065,0.272159994,0.272159994,18.5,2.107429981,0.196950004,7426.940918,yes,no,no,822,181,104,57,7,126,44,122,46,272.5960083,4761987.5,231000.2188,258567.8906,350998.3125,35367,7.5,59.50000381,0.059698008
326,wi,1985,2.019999981,7.199999809,13952.33008,61.62888336,0.153601691,0.293949991,0.293949991,19,1.994529963,0.188972995,7681.489258,yes,no,no,744,166,101,46,11,101,35,112,45,246.0610046,4774985.5,225000.4844,253228.8125,340995.5938,36679,7.199999809,60.10000229,0.006620041
327,wi,1986,1.75,7,14351.90918,62.21108246,0.149638802,0.317479998,0.317479998,19.67000008,1.980739951,0.182182997,8036.37207,yes,no,no,747,159,104,51,8,95,32,110,44,256.0310059,4783004,228000.2188,247999.9844,305997.5313,38438,7,60.70000076,0.03054931
328,wi,1987,1.679999948,6.099999905,14720,64.70425415,0.144999996,0.342900008,0.342900008,21,1.864410043,0.176360995,8361.978516,yes,no,no,797,156,106,66,11,82,24,108,41,248.4680023,4806996.5,222000.2188,239997.6563,296003.9375,40196,6.199999809,61.5,0.032250445
329,wi,1988,1.649999976,4.300000191,14941.29004,67.44313049,0.139557257,0.370350003,0.370350003,21,1.864410043,0.164296001,8745.19043,yes,no,no,807,169,114,59,20,102,35,119,42,274.677002,4855011.5,213000.2344,219998.2813,310000.7813,42458,5.5,62.30000305,0.040172361
330,wy,1982,2.190000057,5.800000191,14600.23828,67.31843567,0.053699285,2.459810019,8.57793045,19,0,0.233668,10354.91113,no,yes,no,201,38,18,10,1,28,13,26,8,69.93099976,509999.5625,22999.98047,25670.91016,40000,5281,9.699999809,57.79999924,-0.071417011
331,wy,1983,1.99000001,8.399999619,13574.54102,66.39118195,0.051605508,2.543829918,8.56692028,19,0,0.220633,9804.254883,no,yes,no,173,22,14,11,0,22,6,20,3,62.10699844,516000.4688,22999.99414,25242.58008,40000,5059,9.600000381,57.90000153,-0.105678491
332,wy,1984,1.909999967,6.300000191,13456.04395,66.02209473,0.04945055,2.6307199,8.555930138,19,0,0.208333001,9994.155273,no,yes,no,157,27,22,3,1,20,7,28,3,62.27899933,512999.8125,21999.94141,24821.39844,36999.83984,5127,7.5,59.50000381,-0.016678359
333,wy,1985,1.879999995,7.099999905,13595.33887,65.08380127,0.047669493,2.720570087,8.544939995,19,0,0.191962004,10611.01074,no,yes,no,152,27,22,8,3,20,2,24,7,52.34500122,508999.5625,22000.02148,24407.24414,35000.21875,5401,7.199999809,60.10000229,-0.012126081
334,wy,1986,1.700000048,9,13126.93457,63.96648407,0.046439629,2.813499928,8.533969879,19,0,0.168026,10619.33105,no,yes,no,168,30,19,8,1,25,7,25,11,57.85699844,506999.9375,23000.00586,23999.99805,34999.78906,5384,7,60.70000076,-0.109975852
335,wy,1987,1.590000033,8.600000381,12719,62.8571434,0.045000002,2.909600019,8.523019791,19,0,0.149312004,10953.0498,no,yes,no,129,25,18,8,2,19,6,12,4,35.5,490000.5313,22000.02148,22999.91602,32999.67188,5367,6.199999809,61.5,-0.123641469
336,wy,1988,1.549999952,6.300000191,13098.1709,64.63768005,0.043310877,3.008990049,8.512080193,19.5,0,0.131242007,11812.11523,no,yes,no,155,26,18,10,1,23,11,19,5,47.42200089,478999.7188,21000.02148,20999.96289,30000.15625,5658,5.5,62.30000305,-0.017023195
